종목코드,분류코드,종목명,현재가,등락구분,전일비,등락률(%),NAV,3개월수익률(%),거래량,amonut,시가총액(억)
360750,4,TIGER 미국S&P500,23565,5,-10,-0.04,23534.0,9.4932,6611909,155710,101801
069500,1,KODEX 200,52585,2,1345,2.62,52692.0,17.6984,13611807,711292,100122
459580,6,KODEX CD금리액티브(합성),1074615,2,220,0.02,1074562.0,0.6298,211991,227808,89798
488770,7,KODEX 머니마켓액티브,104025,2,10,0.01,104039.0,0.6824,713089,74176,86739
133690,4,TIGER 미국나스닥100,156260,2,290,0.19,155860.0,10.9711,556970,86908,61957
379800,4,KODEX 미국S&P500,21640,5,-10,-0.05,21612.0,9.4927,6121927,132378,58017
357870,6,TIGER CD금리투자KIS(합성),56655,2,10,0.02,56658.0,0.6217,231269,13102,50967
423160,6,KODEX KOFR금리액티브(합성),110770,2,10,0.01,110759.0,0.6387,352651,39063,44196
381170,4,TIGER 미국테크TOP10 INDXX,29035,2,5,0.02,28907.0,15.1984,5743165,166254,37208
379810,4,KODEX 미국나스닥100,23460,2,45,0.19,23410.0,10.94,2115927,49573,36328
102110,1,TIGER 200,52615,2,1335,2.6,52732.0,17.7632,2802951,146516,35463
273130,6,KODEX 종합채권(AA-이상)액티브,119090,5,-255,-0.21,119193.0,0.6069,54130,6454,34810
278530,1,KODEX 200TR,18825,2,480,2.62,18868.0,17.7471,1069159,20011,33857
122630,3,KODEX 레버리지,36355,2,1770,5.12,36599.0,36.215,27353657,979829,31702
0043B0,6,TIGER 머니마켓액티브,101440,2,25,0.02,101446.0,0.665,122177,12393,29277
381180,4,TIGER 미국필라델피아반도체나스닥,25400,2,430,1.72,25211.0,20.5988,1664559,42089,28854
455890,6,RISE 머니마켓액티브,54805,2,10,0.02,54808.0,0.6798,297566,16307,28328
481050,6,KODEX CD1년금리플러스액티브(합성),1023020,2,260,0.03,1022846.0,0.6351,5475,5600,26711
411060,5,ACE KRX금현물,30710,5,-1305,-4.08,30556.0,52.5613,14095366,438636,26564
449170,6,TIGER KOFR금리액티브(합성),109955,2,15,0.01,109950.0,0.6361,72229,7941,25352
360200,4,ACE 미국S&P500,23820,5,-10,-0.04,23787.0,9.4826,922806,21962,25344
453850,6,ACE 미국30년국채액티브(H),7990,5,-10,-0.12,7984.0,6.7948,2408548,19243,23594
458730,4,TIGER 미국배당다우존스,12085,5,-55,-0.45,12120.0,1.8712,1519107,18381,22067
367380,4,ACE 미국나스닥100,26870,2,60,0.22,26799.0,10.9639,566116,15184,20529
310970,1,TIGER MSCI Korea TR,22410,2,555,2.54,22494.0,21.2819,18378,409,19542
371460,4,TIGER 차이나전기차SOLACTIVE,12720,5,-70,-0.55,12795.0,35.7749,2035272,26006,18566
148020,1,RISE 200,53020,2,1370,2.65,53122.0,17.8013,1109533,58464,18212
214980,6,KODEX 단기채권PLUS,114925,3,0,0.0,114956.0,0.5617,48134,5532,17356
466920,2,SOL 조선TOP3플러스,33055,2,225,0.69,33213.0,31.6095,2880734,95785,17222
102780,2,KODEX 삼성그룹,12250,2,265,2.21,12295.0,20.03,637187,7771,17175
161510,2,PLUS 고배당주,19780,2,225,1.15,19836.0,-6.9076,1269740,25101,16621
385540,6,RISE 종합채권(A-이상)액티브,110725,5,-300,-0.27,110709.0,0.8126,21765,2411,16212
233740,3,KODEX 코스닥150레버리지,9940,2,100,1.02,10024.0,10.8108,16188812,160674,15864
252670,3,KODEX 200선물인버스2X,868,5,-48,-5.24,869.0,-29.0473,712934828,628931,14911
476550,6,TIGER 미국30년국채커버드콜액티브(H),8090,5,-10,-0.12,8088.0,6.2434,1261925,10215,13729
305720,2,KODEX 2차전지산업,13590,2,1000,7.94,13639.0,9.0987,11116711,146173,13536
477080,6,RISE CD금리액티브(합성),104930,2,15,0.01,104936.0,0.633,6687,701,12772
368590,4,RISE 미국나스닥100,25985,2,40,0.15,25935.0,10.8855,314994,8178,12187
292150,2,TIGER TOP10,17150,2,545,3.28,17213.0,24.1959,1528034,26014,12039
091160,2,KODEX 반도체,54040,2,1090,2.06,54209.0,39.9128,3123253,167217,11970
498400,2,KODEX 200타겟위클리커버드콜,12505,2,245,2.0,12559.0,13.1309,5302679,65926,11930
0061Z0,6,RISE 단기특수은행채액티브,50420,2,5,0.01,50421.0,0.6287,2412,121,11883
294400,1,KIWOOM 200TR,68340,2,1760,2.64,68490.0,17.7365,66472,4519,11754
457480,4,ACE 테슬라밸류체인액티브,21365,2,105,0.49,21363.0,43.1649,1322758,28179,11740
449450,2,PLUS K방산,52220,5,-490,-0.93,52159.0,7.3523,1321744,68963,11723
229200,1,KODEX 코스닥150,14220,2,85,0.6,14324.0,5.9992,4278026,60679,11646
371160,4,TIGER 차이나항셍테크,9425,5,-145,-1.52,9442.0,17.1788,3778721,35833,11607
487230,4,KODEX 미국AI전력핵심인프라,20955,2,370,1.8,20579.0,30.2765,3101204,64470,11588
494900,6,TIGER 25-12 금융채(AA-이상),51715,2,15,0.03,51718.0,0.6228,830,42,11550
379780,4,RISE 미국S&P500,20540,5,-10,-0.05,20517.0,9.4598,574658,11794,11359
473290,6,KODEX 26-12 회사채(AA-이상)액티브,10905,2,5,0.05,10902.0,0.5999,32111,350,11197
315930,2,KODEX Top5PlusTR,35290,2,1465,4.33,35336.0,22.178,45972,1603,11187
305540,2,TIGER 2차전지테마,17000,2,1280,8.14,17057.0,8.1899,3447575,56756,10770
475630,7,TIGER CD1년금리액티브(합성),1055560,2,225,0.02,1055556.0,0.6466,19129,20191,10480
451540,6,TIGER 종합채권(AA-이상)액티브,57115,5,-145,-0.25,57135.0,0.7389,20408,1166,10417
157450,6,TIGER 단기통안채,111490,2,20,0.02,111498.0,0.5683,18344,2045,10144
469830,6,SOL 초단기채권액티브,53770,2,10,0.02,53766.0,0.7024,230881,12413,10014
436140,6,SOL 종합채권(AA-이상)액티브,115615,5,-270,-0.23,115639.0,0.7389,434,50,9795
456600,4,TIMEFOLIO 글로벌AI인공지능액티브,39300,2,215,0.55,38780.0,28.2737,531030,20788,9518
458760,4,TIGER 미국배당다우존스타겟커버드콜2호,9425,5,-45,-0.48,9467.0,0.7661,628075,5923,9486
152100,1,PLUS 200,53495,2,1380,2.65,53609.0,17.6942,338926,18016,9469
278540,1,KODEX MSCI Korea TR,17930,2,530,3.05,17893.0,21.4235,33750,596,9216
479080,6,1Q 머니마켓액티브,52795,2,15,0.03,52790.0,0.6675,326718,17247,9215
491080,6,KODEX 25-12 은행채(AAA)액티브,103690,2,15,0.01,103693.0,0.6162,1801,186,9082
356540,6,ACE 종합채권(AA-이상)액티브,109185,5,-175,-0.16,109143.0,0.723,2902,317,8975
396500,2,TIGER 반도체TOP10,17330,2,435,2.57,17368.0,39.0534,9286228,159453,8960
458250,6,TIGER 미국30년국채스트립액티브(합성 H),40630,2,30,0.07,40699.0,9.789,308503,12533,8819
481060,6,KODEX 미국30년국채타겟커버드콜(합성 H),8630,5,-10,-0.12,8646.0,5.0072,802007,6920,8673
465580,4,ACE 미국빅테크TOP7 Plus,21340,2,15,0.07,21259.0,15.1457,655474,13960,8525
486290,4,TIGER 미국나스닥100타겟데일리커버드콜,10530,2,20,0.19,10506.0,11.0524,620924,6525,8524
426030,4,TIMEFOLIO 미국나스닥100액티브,36980,2,130,0.35,36736.0,19.8763,675941,24992,8402
329200,2,TIGER 리츠부동산인프라,4375,3,0,0.0,4376.0,4.9916,2941479,12852,8345
114800,3,KODEX 인버스,2855,5,-80,-2.73,2861.0,-15.1735,72851278,209946,7883
446720,4,SOL 미국배당다우존스,11090,5,-55,-0.49,11120.0,1.995,282442,3135,7752
314250,4,KODEX 미국빅테크10(H),55975,5,-25,-0.04,55726.0,7.3722,89144,4976,7523
153130,6,KODEX 단기채권,113535,2,10,0.01,113526.0,0.5598,16761,1902,7337
484790,6,KODEX 미국30년국채액티브(H),9250,3,0,0.0,9239.0,6.5422,1095118,10126,7321
272580,6,TIGER 단기채권액티브,56270,2,15,0.03,56265.0,0.581,21283,1197,7210
438330,6,TIGER 우량회사채액티브,117505,5,-150,-0.13,117597.0,0.8632,54073,6357,7156
441640,4,KODEX 미국배당커버드콜액티브,12210,5,-40,-0.33,12196.0,7.9675,835469,10202,7131
449180,4,KODEX 미국S&P500(H),15240,2,35,0.23,15207.0,5.6196,336623,5118,7026
497570,4,TIGER 미국필라델피아AI반도체나스닥,15210,2,220,1.47,15012.0,24.3364,1421109,21441,7012
0072R0,5,TIGER KRX금현물,14650,5,-645,-4.22,14604.0,52.1133,9358490,139031,6856
466940,2,TIGER 은행고배당플러스TOP10,19850,2,100,0.51,19908.0,-5.6244,1104729,21923,6670
402970,4,ACE 미국배당다우존스,12260,5,-75,-0.61,12291.0,2.2294,245489,3013,6424
487340,6,ACE 머니마켓액티브,104350,2,35,0.03,104349.0,0.661,13168,1373,6403
105190,1,ACE 200,52870,2,1370,2.66,52982.0,17.7788,126691,6620,6397
114260,6,KODEX 국고채3년,63010,5,-80,-0.13,63027.0,0.4777,29177,1839,6310
494670,2,TIGER 조선TOP10,25650,2,240,0.94,25758.0,29.709,2767928,71443,6297
226490,1,KODEX 코스피,38410,2,950,2.54,38371.0,14.0508,1055887,40193,6242
148070,6,KIWOOM 국고채10년,116820,5,-335,-0.29,116880.0,1.0,12761,1493,6028
439870,6,KODEX 국고채30년액티브,120880,5,-940,-0.77,120929.0,0.5696,10962,1330,6002
462010,2,TIGER 2차전지소재Fn,4675,2,410,9.61,4697.0,10.2067,11330083,51108,5895
447770,7,TIGER 테슬라채권혼합Fn,15220,5,-70,-0.46,15084.0,13.2508,760137,11557,5867
385560,6,RISE KIS국고채30년Enhanced,79600,5,-930,-1.15,79752.0,0.6385,41035,3285,5799
471230,6,KODEX 국고채10년액티브,114390,5,-325,-0.28,114389.0,0.937,7242,830,5742
390390,4,KODEX 미국반도체,33450,2,480,1.46,33117.0,20.566,434252,14431,5620
456610,6,TIGER 미국달러SOFR금리액티브(합성),59610,5,-105,-0.18,59619.0,4.0149,19924,1188,5512
479520,6,RISE KOFR금리액티브(합성),104590,3,0,0.0,104588.0,0.635,3639,380,5462
475720,3,RISE 200위클리커버드콜,10345,2,105,1.03,10400.0,11.5711,1171729,12102,5323
0052D0,2,TIGER 코리아배당다우존스,12325,2,180,1.48,12370.0,-5.1395,839354,10359,5281
487240,2,KODEX AI전력핵심설비,19285,2,195,1.02,19324.0,23.961,3284925,62528,5265
091180,2,KODEX 자동차,20480,2,985,5.05,20491.0,-1.8626,2205846,45138,5233
069660,1,KIWOOM 200,52700,2,1340,2.61,52813.0,17.6093,581489,30515,5165
483280,4,KODEX 미국AI테크TOP10타겟커버드콜,12470,2,15,0.12,12418.0,16.3583,421045,5239,5075
474220,4,TIGER 미국테크TOP10타겟커버드콜,15120,5,-45,-0.3,15107.0,14.6605,226524,3424,5073
476800,7,KODEX 한국부동산리츠인프라,4750,3,0,0.0,4756.0,3.6665,1918383,9112,5047
480260,6,TIGER 27-04회사채(A+이상)액티브,53830,5,-5,-0.01,53839.0,0.6449,22478,1210,5031
446770,4,ACE 글로벌반도체TOP4 Plus,41720,2,1020,2.51,41202.0,28.5574,501908,20703,5027
364980,2,TIGER 2차전지TOP10,8920,2,610,7.34,8942.0,3.4225,6642019,57839,5026
453870,4,TIGER 인도니프티50,13700,2,100,0.74,13831.0,0.4134,355401,4863,5001
0007F0,6,KODEX 27-12 회사채(AA-이상)액티브,10300,3,0,0.0,10303.0,0.6842,46474,478,4998
455030,6,KODEX 미국달러SOFR금리액티브(합성),12195,5,-40,-0.33,12208.0,4.1542,115547,1410,4944
498410,2,KODEX 금융고배당TOP10타겟위클리커버드콜,12120,5,-30,-0.25,12158.0,-9.2471,1039487,12627,4872
438080,7,ACE 미국S&P500채권혼합액티브,13630,5,-40,-0.29,13609.0,6.0512,473433,6451,4771
455850,2,SOL AI반도체소부장,16640,2,230,1.4,16644.0,32.8744,2895958,47843,4742
454780,6,KIWOOM 종합채권(AA-이상)액티브,109890,5,-170,-0.15,109860.0,0.7644,118,12,4692
449190,4,KODEX 미국나스닥100(H),19115,2,80,0.42,19055.0,7.0283,724564,13816,4635
329750,6,TIGER 미국달러단기채권액티브,13130,5,-20,-0.15,13126.0,4.0759,381449,5013,4548
453810,4,KODEX 인도Nifty50,13925,2,95,0.69,14085.0,0.3409,313795,4368,4505
462330,2,KODEX 2차전지산업레버리지,1321,2,180,15.78,1337.0,14.9043,85835510,106270,4424
494890,1,KODEX 200액티브,15190,2,390,2.64,15214.0,17.8343,502445,7595,4390
293180,1,HANARO 200,52750,2,1335,2.6,52873.0,17.7487,34945,1830,4352
395160,2,KODEX AI반도체,15340,2,405,2.71,15377.0,39.1891,1924927,29259,4341
476810,6,KODEX 25-11 은행채(AA-이상)PLUS액티브,10660,2,5,0.05,10662.0,0.5663,8162,87,4333
472870,6,RISE 미국30년국채엔화노출(합성 H),8480,5,-35,-0.41,8499.0,6.4241,752184,6404,4329
251350,4,KODEX MSCI선진국,35075,2,55,0.16,35085.0,9.3554,59420,2085,4279
365780,6,ACE 국고채10년,91795,5,-250,-0.27,91838.0,0.9874,17342,1595,4257
139260,2,TIGER 200 IT,45490,2,1605,3.66,45576.0,32.491,680326,30559,4212
0048J0,6,KODEX 미국머니마켓액티브,14215,5,-20,-0.14,14219.0,4.2246,151322,2153,4133
437080,6,KODEX 미국종합채권ESG액티브(H),102635,5,-15,-0.01,102705.0,3.027,26269,2698,4111
451000,6,PLUS 종합채권(AA-이상)액티브,116260,5,-285,-0.24,116320.0,0.7216,493,57,3999
245710,4,ACE 베트남VN30(합성),30500,5,-455,-1.47,30719.0,28.2842,171610,5244,3996
132030,5,KODEX 골드선물(H),24705,2,185,0.75,24683.0,23.216,791742,19530,3978
448290,4,TIGER 미국S&P500(H),15800,2,35,0.22,15766.0,5.7627,90259,1423,3958
499660,7,TIGER CD금리플러스액티브(합성),1001335,2,200,0.02,1001337.0,0.6559,8447,8458,3930
102970,2,KODEX 증권,14525,2,295,2.07,14603.0,-7.3568,2815095,41221,3922
441680,7,TIGER 미국나스닥100커버드콜(합성),10435,2,10,0.1,10507.0,6.9998,181712,1897,3871
494300,4,KODEX 미국나스닥100데일리커버드콜OTM,10070,2,15,0.15,10051.0,10.7134,417776,4200,3817
363570,6,KODEX 장기종합채권(AA-이상)액티브,102710,5,-365,-0.35,102712.0,0.7723,2043,210,3770
473330,6,SOL 미국30년국채커버드콜(합성),9410,5,-40,-0.42,9409.0,10.8504,546143,5147,3764
466950,4,TIGER 글로벌AI액티브,24395,2,205,0.85,24149.0,27.9217,147560,3590,3745
456880,7,ACE 미국달러SOFR금리(합성),12075,5,-25,-0.21,12077.0,4.1756,136192,1646,3731
395270,2,HANARO Fn K-반도체,17435,2,505,2.98,17442.0,43.1107,6358910,109619,3722
482730,4,TIGER 미국S&P500타겟데일리커버드콜,11510,5,-5,-0.04,11502.0,9.1676,385680,4435,3631
251600,7,PLUS 고배당주채권혼합,13885,2,70,0.51,13972.0,-3.6611,369162,5134,3624
489250,4,KODEX 미국배당다우존스,10375,5,-40,-0.38,10397.0,1.898,292836,3039,3590
442320,4,RISE 글로벌원자력,43200,2,585,1.37,42588.0,38.9015,421240,18068,3499
439860,6,KODEX ESG종합채권(A-이상)액티브,116795,5,-50,-0.04,116859.0,0.8023,1897,221,3466
434730,2,HANARO 원자력iSelect,42680,2,365,0.86,42785.0,18.3636,798369,33820,3414
0023A0,4,SOL 미국양자컴퓨팅TOP10,33110,5,-310,-0.93,32869.0,108.484,1224194,40295,3394
0094K0,6,TIGER 28-04 회사채(A+이상)액티브,100030,5,-60,-0.06,100038.0,,17040,1704,3388
0053L0,4,TIGER 차이나휴머노이드로봇,13065,5,-250,-1.88,13115.0,37.7508,3309358,43761,3364
091230,2,TIGER 반도체,56570,2,1200,2.17,56714.0,40.3797,723144,40583,3349
0051G0,4,SOL 미국원자력SMR,21000,2,330,1.6,20676.0,54.8314,1781040,37248,3318
196230,6,RISE 단기통안채,116205,2,30,0.03,116202.0,0.5321,14593,1695,3303
473460,4,KODEX 미국서학개미,24565,5,-55,-0.22,24440.0,24.7213,466727,11445,3292
0016X0,6,SOL 중단기회사채(A-이상)액티브,51305,2,5,0.01,51307.0,0.8552,64152,3291,3279
228790,2,TIGER 화장품,3700,5,-30,-0.8,3711.0,-14.0553,9185333,34348,3229
476760,6,ACE 미국30년국채액티브,10145,5,-30,-0.29,10129.0,10.5617,335921,3410,3226
302190,6,TIGER 중장기국채,52795,5,-100,-0.19,52809.0,0.714,6160,325,3220
241180,4,TIGER 일본니케이225,27535,2,395,1.46,27443.0,21.4861,84439,2328,3205
475080,7,KODEX 테슬라커버드콜채권혼합액티브,9115,5,-5,-0.05,9165.0,9.2869,240811,2194,3195
491010,4,TIGER 글로벌AI전력인프라액티브,22250,2,515,2.37,21931.0,43.0404,633328,14036,3193
385550,6,RISE 단기채권알파액티브,113810,2,35,0.03,113807.0,0.6635,2460,279,3187
0047A0,4,TIGER 차이나테크TOP10,13070,5,-90,-0.68,13113.0,35.8661,841881,11087,3137
423920,4,TIGER 미국필라델피아반도체레버리지(합성),36455,2,955,2.69,35951.0,42.5702,162462,5870,3131
434060,7,KODEX TDF2050액티브,15850,2,10,0.06,15808.0,7.2371,214498,3399,3099
476450,6,KIWOOM 머니마켓액티브,52880,2,10,0.02,52883.0,0.6376,943,49,3086
394660,4,TIGER 글로벌자율주행&전기차SOLACTIVE,13990,2,80,0.58,14074.0,24.0303,60157,838,3083
477050,6,PLUS 머니마켓액티브,52805,2,15,0.03,52802.0,0.6962,29888,1578,3058
279530,2,KODEX 고배당주,13235,2,160,1.22,13300.0,-5.8201,556986,7376,3031
139230,2,TIGER 200 중공업,13490,2,140,1.05,13450.0,24.013,1447652,19454,2987
091170,2,KODEX 은행,11810,3,0,0.0,11848.0,-6.9273,547081,6460,2982
438100,7,ACE 미국나스닥100미국채혼합50액티브,14400,5,-5,-0.03,14364.0,6.5458,263306,3788,2952
448300,4,TIGER 미국나스닥100(H),19725,2,75,0.38,19671.0,7.2305,215484,4240,2939
472160,4,TIGER 미국테크TOP10 INDXX(H),17580,3,0,0.0,17497.0,11.3715,936335,16413,2936
490490,7,SOL 미국배당미국채혼합50,10240,5,-20,-0.19,10262.0,3.9829,222539,2278,2918
144600,5,KODEX 은선물(H),8955,2,80,0.9,8953.0,31.9702,3737267,33635,2910
361580,1,RISE 200TR,29600,2,765,2.65,29658.0,17.7179,26346,774,2901
472170,7,TIGER 미국테크TOP10채권혼합,13825,5,-60,-0.43,13782.0,7.0547,283604,3926,2862
273140,6,KODEX 단기변동금리부채권액티브,114680,2,25,0.02,114674.0,0.5983,1890,216,2860
394670,4,TIGER 글로벌리튬&2차전지SOLACTIVE(합성),9020,2,105,1.18,9154.0,46.8698,212922,1917,2850
490590,4,RISE 미국AI밸류체인데일리고정커버드콜,13985,2,165,1.19,13919.0,25.6363,606948,8461,2846
0060H0,1,TIGER 토탈월드스탁액티브,11410,2,25,0.22,11372.0,9.8302,268659,3058,2841
464240,6,KIWOOM 26-09회사채(AA-이상)액티브,52675,2,50,0.1,52646.0,0.5598,889,46,2808
304660,6,KODEX 미국30년국채울트라선물(H),7880,5,-5,-0.06,7879.0,6.626,200279,1577,2742
284430,6,KODEX 200미국채혼합,15915,2,125,0.79,15902.0,11.0095,492801,7818,2737
261260,7,KODEX 미국달러선물인버스2X,5255,2,25,0.48,5254.0,-6.8567,676924,3546,2732
458260,6,TIGER 미국투자등급회사채액티브(H),49770,2,35,0.07,49693.0,4.516,44241,2201,2707
138520,2,TIGER 삼성그룹펀더멘털,16650,2,385,2.37,16712.0,19.5516,136901,2264,2704
461490,7,RISE 글로벌자산배분액티브,14870,5,-90,-0.6,14805.0,11.6001,1189487,17751,2699
481180,4,SOL 미국AI소프트웨어,15655,5,-80,-0.51,15606.0,9.5752,248362,3875,2607
495850,1,KODEX 코리아밸류업,15045,2,360,2.45,15079.0,14.1912,606360,9058,2588
498270,4,KIWOOM 미국양자컴퓨팅,17050,5,-190,-1.1,16944.0,56.0887,1130435,19231,2558
251340,3,KODEX 코스닥150선물인버스,3220,5,-20,-0.62,3246.0,-6.2229,22810272,73575,2537
486450,4,SOL 미국AI전력인프라,22340,2,285,1.29,22089.0,30.929,456625,10159,2524
491610,6,1Q CD금리액티브(합성),103140,2,35,0.03,103082.0,0.6246,4629,477,2521
277630,1,TIGER 코스피,38895,2,925,2.44,38956.0,14.024,124227,4802,2509
467940,6,KODEX 25-11 회사채(A+이상)액티브,10980,3,0,0.0,10984.0,0.5494,376,4,2501
329650,7,KODEX TRF3070,14260,2,20,0.14,14249.0,3.3606,49415,704,2496
462900,2,KoAct 바이오헬스케어액티브,16975,5,-315,-1.82,17009.0,6.2365,846698,14464,2495
295040,1,SOL 200TR,19535,2,505,2.65,19572.0,17.7963,214380,4175,2461
461270,6,ACE 26-06 회사채(AA-이상)액티브,11180,5,-5,-0.04,11193.0,0.6297,30838,344,2451
484880,2,SOL 금융지주플러스고배당,16100,2,105,0.66,16154.0,-5.4781,526362,8480,2439
448540,7,ACE 엔비디아채권혼합,24850,5,-145,-0.58,24805.0,3.7567,147855,3674,2410
388420,2,RISE 비메모리반도체액티브,16050,2,250,1.58,16050.0,38.7303,1773114,28292,2395
435420,7,TIGER 미국나스닥100채권혼합Fn,13630,5,-10,-0.07,13595.0,3.9951,137379,1872,2392
0001S0,6,TIGER 26-04 회사채(A+이상)액티브,51580,3,0,0.0,51588.0,0.6046,17484,902,2372
494310,2,KODEX 반도체레버리지,23945,2,950,4.13,24019.0,90.0413,3470734,81336,2371
0025N0,7,TIGER TDF2045,11215,5,-20,-0.18,11068.0,7.925,547925,6124,2366
409820,4,KODEX 미국나스닥100레버리지(합성 H),15430,2,105,0.69,15377.0,13.8135,128132,1967,2361
463290,6,1Q 단기금융채액티브,108535,2,25,0.02,108535.0,0.6166,6966,756,2299
200250,4,KIWOOM 인도Nifty50(합성),25530,2,255,1.01,25757.0,-0.3941,66891,1704,2298
485540,4,KODEX 미국AI테크TOP10,14060,2,15,0.11,13989.0,16.9929,533810,7483,2292
481190,4,SOL 미국테크TOP10,15680,5,-10,-0.06,15625.0,15.1982,225276,3525,2281
488980,6,SOL 26-12 회사채(AA-이상)액티브,52340,2,10,0.02,52347.0,0.5959,6075,317,2280
213610,2,KODEX 삼성그룹밸류,11720,2,260,2.27,11736.0,20.6951,56908,662,2274
190620,6,ACE 단기통안채,102545,2,20,0.02,102552.0,0.5788,20176,2069,2252
445290,2,KODEX 로봇액티브,21250,2,85,0.4,21255.0,23.2673,1696213,36008,2221
463250,2,TIGER K방산&우주,29675,5,-755,-2.48,29691.0,0.8617,677331,20159,2196
143860,2,TIGER 헬스케어,41735,5,-35,-0.08,41694.0,0.6384,137167,5712,2170
493810,4,TIGER 미국AI빅테크10타겟데일리커버드콜,11660,2,25,0.21,11603.0,16.8876,269938,3139,2157
452360,4,SOL 미국배당다우존스(H),10685,5,-30,-0.28,10713.0,-1.426,117524,1256,2137
478150,4,TIMEFOLIO 글로벌우주테크&방산액티브,20030,5,-390,-1.91,19888.0,15.0422,364164,7271,2123
305080,6,TIGER 미국채10년선물,13025,5,-40,-0.31,13029.0,6.0901,158718,2069,2123
475050,2,ACE KPOP포커스,11800,5,-205,-1.71,11824.0,-1.4773,760734,9022,2118
307520,2,TIGER 지주회사,14300,2,135,0.95,14353.0,-6.3595,1542009,22052,2109
0089D0,2,KODEX 금융고배당TOP10,10300,2,55,0.54,10331.0,,465452,4799,2081
272560,6,RISE 단기국공채액티브,114225,2,5,0.0,114226.0,0.559,2499,285,2078
0048K0,4,KODEX 차이나휴머노이드로봇,10850,5,-215,-1.94,10854.0,26.1399,1934934,21194,2072
418660,4,TIGER 미국나스닥100레버리지(합성),32400,2,80,0.25,32280.0,21.4124,82930,2680,2041
192090,4,TIGER 차이나CSI300,12255,5,-55,-0.45,12295.0,19.9805,144437,1772,2022
0091P0,2,TIGER 코리아원자력,10700,5,-35,-0.33,10713.0,,2727796,29355,1974
364970,2,TIGER 바이오TOP10,7895,5,-35,-0.44,7926.0,-2.34,1852725,14643,1974
0080G0,2,KODEX K방산TOP10,10000,5,-290,-2.82,10041.0,-0.5798,1851890,18626,1940
414780,4,TIGER 차이나과창판STAR50(합성),11565,5,-65,-0.56,11672.0,49.9677,501940,5839,1920
302450,1,RISE 코스피,38775,2,830,2.19,38944.0,13.9797,16262,628,1919
283580,4,KODEX 차이나CSI300,14900,5,-50,-0.33,14912.0,20.3606,336601,5023,1915
441800,1,TIMEFOLIO Korea플러스배당액티브,18010,2,300,1.69,18073.0,3.8283,219135,3938,1877
490090,4,TIGER 미국AI빅테크10,14150,2,5,0.04,14087.0,16.6597,276519,3903,1875
232080,1,TIGER 코스닥150,14565,2,100,0.69,14665.0,5.7769,990559,14407,1864
326240,2,RISE IT플러스,21890,2,630,2.96,21943.0,25.2061,427242,9297,1843
372330,4,KODEX 차이나항셍테크,9390,5,-160,-1.68,9406.0,17.293,790822,7467,1822
480020,4,ACE 미국빅테크7+데일리타겟커버드콜(합성),11995,5,-50,-0.42,12018.0,16.433,169637,2034,1811
458210,7,KIWOOM CD금리액티브(합성),107985,2,20,0.02,107964.0,0.6244,2452,264,1809
0038A0,4,KODEX 미국휴머노이드로봇,15005,2,65,0.44,14977.0,16.9014,475891,7129,1801
463050,2,TIMEFOLIO K바이오액티브,14260,5,-360,-2.46,14327.0,5.9804,628015,9044,1783
472920,6,HK 종합채권(AA-이상)액티브,112115,3,0,0.0,112021.0,0.6644,9,1,1778
471990,2,KODEX AI반도체핵심장비,14305,2,355,2.54,14313.0,32.8571,1326779,18791,1760
385510,2,KODEX 신재생에너지액티브,28060,2,465,1.69,28078.0,14.9791,1436720,39780,1754
483290,4,KODEX 미국배당다우존스타겟커버드콜,9030,5,-30,-0.33,9049.0,0.6443,146678,1323,1752
319640,4,TIGER 골드선물(H),26185,2,145,0.56,26182.0,23.3246,235211,6158,1741
0080Y0,2,SOL 조선TOP3플러스레버리지,17355,2,290,1.7,17536.0,67.0582,921509,16194,1736
0040Y0,7,SOL 팔란티어커버드콜OTM채권혼합,10260,5,-10,-0.1,10233.0,4.1054,509279,5228,1703
433330,4,SOL 미국S&P500,19670,3,0,0.0,19655.0,9.3263,52914,1040,1692
244580,2,KODEX 바이오,9985,5,-55,-0.55,10024.0,6.131,789921,7911,1677
481430,6,RISE 국고채10년액티브,108055,5,-175,-0.16,107935.0,1.0362,5095,551,1677
0043Y0,4,TIMEFOLIO 차이나AI테크액티브,13550,5,-100,-0.73,13531.0,29.3838,354817,4839,1653
157490,2,TIGER 소프트웨어,9580,2,10,0.1,9575.0,-3.2845,864339,8314,1640
0008S0,4,TIGER 미국배당다우존스타겟데일리커버드콜,8695,5,-20,-0.23,8721.0,1.6089,175286,1522,1630
469070,2,RISE AI&로봇,11440,5,-50,-0.44,11437.0,9.8995,1564108,17917,1624
237350,1,KODEX 코스피100,40920,2,1035,2.59,41070.0,19.4519,229088,9315,1616
461950,2,KODEX 2차전지핵심소재10,4760,2,440,10.19,4765.0,8.9533,5009582,22947,1609
448330,1,KODEX 삼성전자채권혼합,12585,2,60,0.48,12614.0,13.7189,438471,5524,1598
496020,6,WON 전단채플러스액티브,51750,2,25,0.05,51746.0,0.7106,2545,131,1589
480030,4,ACE 미국500데일리타겟커버드콜(합성),10445,3,0,0.0,10470.0,8.4068,142846,1491,1588
0064K0,5,KODEX 금액티브,12645,2,65,0.52,12636.0,28.2364,6126461,77500,1578
495050,1,RISE 코리아밸류업,15100,2,395,2.69,15086.0,14.4625,1114587,16661,1563
492500,7,1Q 현대차그룹채권(A+이상)&국고통안,51855,3,0,0.0,51842.0,0.6307,2737,141,1556
0092C0,6,SOL 27-12 회사채(AA-이상)액티브,50190,5,-15,-0.03,50208.0,,373,18,1550
0102A0,4,TIGER 미국AI소프트웨어TOP4Plus,12490,2,145,1.17,12454.0,,434356,5417,1543
451060,1,1Q K200액티브,17080,2,400,2.4,17149.0,18.1721,171719,2915,1537
136340,6,RISE 중기우량회사채,107465,5,-40,-0.04,107448.0,0.6723,7179,771,1537
0091C0,6,KODEX 미국10년국채액티브(H),10150,5,-15,-0.15,10150.0,,399165,4055,1521
472150,2,TIGER 배당커버드콜액티브,13005,2,205,1.6,13040.0,12.9943,222366,2884,1503
0000J0,2,PLUS 한화그룹주,25185,2,165,0.66,25253.0,6.0169,274046,6909,1499
219480,4,KODEX 미국S&P500선물(H),29605,2,60,0.2,29625.0,5.4049,10813,319,1480
0052T0,6,1Q 중단기회사채(A-이상)액티브,50580,2,5,0.01,50595.0,0.8374,152,7,1473
464930,4,TIGER 글로벌혁신블루칩TOP10,18565,5,-85,-0.46,18581.0,15.6589,31889,593,1439
455860,2,SOL 2차전지소부장Fn,4480,2,365,8.87,4498.0,7.3011,1321714,5737,1425
182480,7,TIGER 미국MSCI리츠(합성 H),12635,2,150,1.2,12725.0,1.0931,30596,386,1409
0026S0,4,1Q 미국S&P500,11530,5,-10,-0.09,11522.0,9.3217,146123,1684,1407
483320,4,ACE 엔비디아밸류체인액티브,13510,2,140,1.05,13560.0,28.1264,634076,8549,1405
310960,1,TIGER 200TR,30520,2,715,2.4,30596.0,17.2963,43840,1333,1404
422420,2,RISE 2차전지액티브,6765,2,565,9.11,6777.0,9.4439,2088294,13589,1394
491620,4,RISE 미국테크100데일리고정커버드콜,10970,2,10,0.09,10931.0,13.0479,254074,2780,1393
489030,2,PLUS 고배당주위클리커버드콜,9225,5,-130,-1.39,9258.0,-15.2627,881467,8165,1388
309230,4,ACE 미국WideMoat동일가중,28660,2,30,0.1,28695.0,6.2298,28125,805,1387
444200,2,SOL 코리아메가테크액티브,27390,2,450,1.67,27439.0,17.2323,593876,16156,1383
451530,6,TIGER 국고채30년스트립액티브,59635,5,-565,-0.94,59300.0,0.2247,16562,991,1376
130730,6,KIWOOM 단기자금,103885,2,20,0.02,103897.0,0.581,2640,274,1375
479730,4,TIGER 인도빌리언컨슈머,11215,2,180,1.63,11366.0,9.9651,70891,790,1374
364960,2,TIGER BBIG,6970,2,90,1.31,6991.0,-0.7216,85794,595,1356
496080,1,TIGER 코리아밸류업,15045,2,350,2.38,15080.0,14.269,283898,4239,1347
332930,1,HANARO 200TR,68340,2,1705,2.56,68524.0,17.8025,1459,99,1333
228810,2,TIGER 미디어컨텐츠,6350,5,-90,-1.4,6337.0,-9.9301,442152,2808,1320
498180,6,파워 종합채권(AA-이상)액티브,103270,3,0,0.0,103111.0,0.6137,0,0,1306
412570,2,TIGER 2차전지TOP10레버리지,1326,2,164,14.11,1339.0,2.8318,14407444,18071,1291
412770,4,TIGER 글로벌AI플랫폼액티브,14540,3,0,0.0,14508.0,16.32,37823,550,1280
491230,6,PLUS 국공채머니마켓액티브,51835,2,15,0.03,51828.0,0.6213,1945,100,1275
0098F0,2,KODEX K원자력SMR,10925,2,10,0.09,10905.0,,838579,9158,1273
325010,2,KODEX 성장주,21290,2,505,2.43,21344.0,18.7035,23396,495,1256
168580,4,ACE 중국본토CSI300,33625,5,-80,-0.24,34002.0,20.0106,10261,347,1251
396520,4,TIGER 차이나반도체FACTSET,9730,5,-65,-0.66,9697.0,50.1149,538342,5299,1249
228800,2,TIGER 여행레저,3565,2,35,0.99,3552.0,-8.3117,485741,1727,1244
0000Y0,6,HK 26-12 회사채(AA-이상)액티브,102940,2,50,0.05,102929.0,0.5767,1,0,1240
489570,6,HANARO 25-12 은행채(AA+이상)액티브,10330,3,0,0.0,10332.0,0.5842,382,3,1238
488500,4,TIGER 미국S&P500동일가중,11260,5,-35,-0.31,11361.0,4.8649,130872,1474,1233
325020,2,KODEX 배당가치,18090,2,300,1.69,18140.0,1.89,56783,1025,1212
448600,6,RISE 25-11 회사채(AA-이상)액티브,52505,2,10,0.02,52502.0,0.6403,9591,503,1200
143850,4,TIGER 미국S&P500선물(H),70350,2,205,0.29,70387.0,5.0861,11370,798,1196
270810,1,RISE 코스닥150,14135,2,80,0.57,14237.0,5.9555,997932,14092,1187
367770,2,RISE 수소경제테마,16560,2,370,2.29,16548.0,8.8037,242394,3988,1184
429000,4,TIGER 미국S&P500배당귀족,12305,5,-30,-0.24,12326.0,2.9546,48126,591,1163
114820,6,TIGER 국채3년,106390,5,-150,-0.14,106407.0,0.498,3293,350,1156
0099L0,6,ACE 우량회사채(AA-이상)액티브,100230,5,-45,-0.04,100237.0,,59691,5985,1152
245340,4,TIGER 미국다우존스30,32070,5,-110,-0.34,32032.0,7.593,10654,341,1148
441540,2,HANARO Fn조선해운,29320,2,420,1.45,29391.0,20.7436,139063,4096,1143
0091M0,6,HANARO 27-06 회사채(AA-이상)액티브,10025,5,-5,-0.05,10032.0,,64,0,1143
385720,1,TIMEFOLIO 코스피액티브,13215,2,140,1.07,13275.0,11.7521,170805,2255,1136
438570,6,SOL 국고채10년,109670,5,-370,-0.34,109684.0,1.0375,668,73,1135
315960,2,RISE 대형고배당10TR,31415,2,1170,3.87,31545.0,22.4246,68841,2139,1131
304940,4,KODEX 미국나스닥100선물(H),28225,2,125,0.44,28137.0,6.7426,12494,351,1129
0005A0,4,KODEX 미국S&P500데일리커버드콜OTM,9640,5,-5,-0.05,9648.0,8.3221,81397,784,1118
465610,4,ACE 미국빅테크TOP7 Plus레버리지(합성),35860,2,110,0.31,35649.0,28.9449,43082,1538,1112
476750,6,ACE 미국30년국채엔화노출액티브(H),9110,2,5,0.05,9112.0,5.7982,214069,1955,1111
0089C0,4,KODEX 미국S&P500변동성확대시커버드콜,10615,2,25,0.24,10624.0,,348951,3699,1093
465780,6,마이티 26-09 특수채(AAA)액티브,107165,3,0,0.0,107183.0,0.5488,3,0,1083
495710,6,BNK 26-06 특수채(AAA이상)액티브,51390,2,15,0.03,51381.0,0.5578,1,0,1082
0008T0,2,SOL 화장품TOP3플러스,13590,5,-115,-0.84,13601.0,-16.7123,1718272,23614,1080
204480,4,TIGER 차이나CSI300레버리지(합성),25085,5,-60,-0.24,25684.0,39.5781,15265,383,1079
401170,2,RISE 메타버스,7295,5,-30,-0.41,7281.0,6.8563,54018,392,1078
0098N0,2,PLUS 자사주매입고배당주,10115,2,85,0.85,10157.0,,1272175,12891,1072
0046A0,6,TIGER 미국초단기(3개월이하)국채,9835,5,-20,-0.2,9842.0,4.0434,294037,2893,1067
473440,6,ACE 11월만기자동연장회사채AA-이상액티브,10730,5,-5,-0.05,10742.0,0.5339,11258,120,1067
237370,7,KODEX 코리아배당성장채권혼합,14385,2,80,0.56,14448.0,-2.5413,77178,1109,1064
461500,6,HANARO 종합채권(AA-이상)액티브,115495,5,-55,-0.05,115399.0,0.8289,229,26,1050
464310,4,TIGER 글로벌AI&로보틱스 INDXX,14910,5,-90,-0.6,14857.0,18.0637,98136,1464,1036
0019K0,7,TIMEFOLIO 미국나스닥100채권혼합50액티브,11740,2,60,0.51,11695.0,7.6001,319106,3739,1027
395170,2,KODEX Top10동일가중,10015,2,305,3.14,10051.0,20.1732,24740,245,1022
0086B0,2,TIGER 리츠부동산인프라TOP10액티브,10140,3,0,0.0,10190.0,,70957,720,1014
152870,1,파워 200,53165,2,1365,2.64,53279.0,17.7138,9483,502,1010
471760,2,TIGER AI반도체핵심공정,12165,2,145,1.21,12169.0,29.1084,755434,9130,1010
401470,2,KODEX 메타버스액티브,7950,5,-45,-0.56,7969.0,-1.8417,63695,508,990
469170,2,ACE 포스코그룹포커스,5560,2,250,4.71,5588.0,2.4108,1880773,10294,973
308620,6,KODEX 미국10년국채선물,12290,5,-30,-0.24,12292.0,6.0697,75484,928,971
471040,4,KoAct 글로벌AI&로봇액티브,20410,2,135,0.67,20251.0,27.5157,273174,5565,959
328370,1,PLUS 코스피TR,20775,2,500,2.47,20730.0,14.451,8383,172,956
411420,4,KODEX 미국나스닥AI테크액티브,20545,2,35,0.17,20378.0,22.4039,44627,914,955
157500,2,TIGER 증권,9915,2,260,2.69,9960.0,-7.5635,1311432,13098,950
365000,2,TIGER 인터넷TOP10,4790,5,-25,-0.52,4792.0,0.8376,935446,4498,948
278240,3,RISE 코스닥150선물레버리지,11250,2,155,1.4,11216.0,10.6181,40318,451,948
433500,2,ACE 원자력TOP10,37755,2,100,0.27,37908.0,18.9731,107398,4066,944
497880,6,SOL CD금리&머니마켓액티브,50075,2,5,0.01,50078.0,0.712,28698,1437,937
427120,2,RISE 플랫폼테마,7875,5,-75,-0.94,7854.0,-10.9743,19525,153,926
480040,4,ACE 미국반도체데일리타겟커버드콜(합성),11485,2,145,1.28,11633.0,20.0254,156190,1797,919
410870,2,TIMEFOLIO K컬처액티브,12250,5,-120,-0.97,12225.0,-6.571,1005396,12364,919
329660,7,KODEX TRF5050,17320,2,15,0.09,17293.0,5.1783,69782,1210,901
468380,6,KODEX iShares미국하이일드액티브,11505,3,0,0.0,11509.0,5.0684,316002,3640,886
488080,3,TIGER 반도체TOP10레버리지,13830,2,760,5.81,13897.0,86.1823,1750692,23641,885
275980,4,TIGER 글로벌4차산업혁신기술(합성 H),20560,2,410,2.03,20406.0,10.5927,16766,339,872
447620,7,SOL 미국TOP5채권혼합40 Solactive,14490,5,-25,-0.17,14473.0,6.298,43946,635,869
453330,4,RISE 미국S&P500(H),16035,2,25,0.16,16003.0,5.8092,16669,266,866
371470,4,TIGER 차이나바이오테크SOLACTIVE,9155,2,130,1.44,9189.0,14.6031,183826,1674,857
490480,2,SOL K방산,25370,5,-395,-1.53,25407.0,9.7784,154644,3934,850
426020,4,TIMEFOLIO 미국S&P500액티브,26725,2,135,0.51,26640.0,13.8758,165489,4417,850
290130,2,RISE ESG사회책임투자,20010,2,520,2.67,20051.0,21.7212,68977,1369,840
150460,2,TIGER 중국소비테마,7550,2,10,0.13,7547.0,-10.5045,50274,380,840
0105E0,2,SOL 코리아고배당,10020,2,125,1.26,10062.0,,807776,8112,837
266160,2,RISE 고배당,18760,2,430,2.35,18754.0,7.4947,210328,3917,835
0074K0,2,KoAct K수출핵심기업TOP30액티브,11540,2,10,0.09,11566.0,8.8762,282107,3259,831
195980,4,PLUS 신흥국MSCI(합성 H),12235,2,135,1.12,12317.0,9.3044,56782,692,825
490600,4,RISE 미국배당100데일리고정커버드콜,8780,5,-5,-0.06,8778.0,3.0136,150694,1320,821
473590,4,ACE 미국주식베스트셀러,22155,2,335,1.54,22093.0,15.4802,66149,1463,820
475280,6,ACE 8월만기자동연장회사채AA-이상액티브,10620,3,0,0.0,10621.0,0.5681,39,0,813
266420,2,KODEX 헬스케어,18810,5,-115,-0.61,18849.0,1.0411,814204,15314,809
267770,3,TIGER 200선물레버리지,27845,2,1385,5.23,27843.0,36.1811,286570,7807,808
400970,2,TIGER Fn메타버스,7905,5,-40,-0.5,7938.0,3.0479,56898,451,806
452250,6,ACE 미국30년국채선물레버리지(합성 H),5895,5,-10,-0.17,5912.0,11.5203,135991,801,805
0052S0,7,1Q 미국S&P500미국채혼합50액티브,11090,5,-15,-0.14,11072.0,6.5227,248689,2756,798
447430,2,ACE 주주환원가치주액티브,14715,2,85,0.58,14738.0,-12.4424,40830,600,795
485690,4,RISE 미국AI밸류체인TOP3Plus,17630,2,55,0.31,17663.0,26.8495,43235,763,793
399110,4,SOL 미국S&P500ESG,18330,5,-10,-0.05,18359.0,9.6168,29379,537,788
469150,2,ACE AI반도체포커스,23820,2,690,2.98,23894.0,46.1149,1375816,32392,774
304780,3,HANARO 200선물레버리지,40530,2,1985,5.15,40544.0,36.5633,899,36,770
440640,6,ACE 단기채권알파액티브,111635,2,10,0.01,111644.0,0.6582,4295,479,762
465350,3,RISE 2차전지TOP10인버스(합성),28710,5,-2850,-9.03,28602.0,-11.1612,533594,15899,754
174360,4,RISE 중국본토대형주CSI100,22595,2,40,0.18,22728.0,21.3286,8452,191,746
138540,2,TIGER 현대차그룹+펀더멘털,37650,2,1695,4.71,37725.0,4.1871,304605,11476,745
261220,5,KODEX WTI원유선물(H),13485,2,25,0.19,13459.0,-8.8694,415528,5598,745
456680,4,TIGER 차이나전기차레버리지(합성),9950,5,-95,-0.95,10186.0,74.0901,33172,334,744
449770,4,KIWOOM 미국S&P500,18935,5,-5,-0.03,18912.0,9.2524,4603,87,738
0041D0,4,KODEX 미국AI소프트웨어TOP10,15985,2,30,0.19,15932.0,21.1465,146108,2330,735
261270,7,KODEX 미국달러선물인버스,7915,3,0,0.0,7933.0,-3.0025,59764,473,728
152380,6,KODEX 국채선물10년,70940,5,-240,-0.34,70832.0,1.072,13493,958,728
123320,3,TIGER 레버리지,36180,2,1795,5.22,36227.0,36.5567,149730,5347,724
329670,7,KODEX TRF7030,20630,3,0,0.0,20631.0,7.4255,34542,714,722
266360,2,KODEX K콘텐츠,13370,5,-110,-0.82,13427.0,-3.2999,82180,1107,722
464610,2,SOL 의료기기소부장Fn,11020,2,155,1.43,10993.0,-17.2506,1162032,12739,716
454320,2,HANARO CAPEX설비투자iSelect,29130,2,200,0.69,29179.0,20.1661,23183,670,714
0026E0,4,KODEX 미국S&P500버퍼3월액티브,10470,5,-60,-0.57,10598.0,6.0422,6325,66,707
426150,6,WON 대한민국국고채액티브,58705,5,-205,-0.35,58722.0,0.6578,1244,73,703
476070,4,KODEX 글로벌비만치료제TOP2 Plus,10320,2,50,0.49,10468.0,5.3333,59674,617,702
332500,1,ACE 200TR,35060,2,880,2.57,35144.0,17.8011,5818,202,701
203780,4,TIGER 미국나스닥바이오,26905,2,235,0.88,26949.0,17.4372,37086,997,700
419890,6,KIWOOM 단기채권ESG액티브,109210,2,20,0.02,109193.0,0.5664,287,31,699
475350,4,RISE 버크셔포트폴리오TOP10,13295,5,-30,-0.23,13333.0,8.1574,46744,621,698
269540,4,PLUS 미국S&P500(H),26555,2,55,0.21,26502.0,6.3829,8177,216,690
359210,1,KODEX 코스피TR,19120,2,410,2.19,19164.0,14.4342,31250,593,688
486830,6,HANARO 머니마켓액티브,52120,3,0,0.0,52128.0,0.6955,1758,91,688
0018C0,2,PLUS 고배당주위클리고정커버드콜,11435,2,50,0.44,11478.0,-9.7718,251359,2880,675
403790,1,마이다스 코스피액티브,30825,2,750,2.49,30940.0,14.7243,983,30,670
460960,7,ACE 글로벌인컴TOP10,11350,2,30,0.27,11340.0,6.331,60426,686,670
458750,4,TIGER 미국배당다우존스타겟커버드콜1호,10755,5,-55,-0.51,10792.0,1.4451,23785,255,667
395290,2,HANARO Fn K-POP&미디어,8805,5,-105,-1.18,8787.0,-4.3479,184472,1623,660
252710,3,TIGER 200선물인버스2X,924,5,-49,-5.04,922.0,-28.8743,8200270,7686,658
476690,4,TIGER 글로벌비만치료제TOP2Plus,9325,5,-25,-0.27,9411.0,3.4978,77223,721,657
0067V0,4,TIGER 차이나글로벌리더스TOP3+,12030,5,-195,-1.6,12246.0,21.9451,109035,1325,656
233160,3,TIGER 코스닥150 레버리지,11200,2,140,1.27,11199.0,10.7107,253677,2835,655
437070,6,KODEX 아시아달러채권ESG플러스액티브,63080,5,-115,-0.18,63026.0,6.3548,1821,114,651
272910,6,ACE 중장기국공채액티브,109425,5,-200,-0.18,109489.0,0.6888,40,4,647
0007N0,1,아이엠에셋 200,53160,2,1330,2.57,53201.0,17.8892,1446,76,638
261240,7,KODEX 미국달러선물,14380,5,-20,-0.14,14391.0,3.8961,88909,1279,636
377990,2,TIGER Fn신재생에너지,16695,2,390,2.39,16730.0,19.3631,246205,4047,634
433980,7,KODEX TDF2040액티브,14925,3,0,0.0,14896.0,6.1446,67894,1013,634
445150,2,KODEX 친환경조선해운액티브,30200,2,10,0.03,30277.0,28.8518,139672,4223,634
225040,4,TIGER 미국S&P500레버리지(합성 H),54465,2,130,0.24,54328.0,10.9896,7568,411,632
139280,2,TIGER 경기방어,11650,2,55,0.47,11685.0,-2.1519,24762,288,629
210780,2,TIGER 코스피고배당,19050,2,195,1.03,19112.0,-8.7412,90742,1730,623
464470,6,PLUS 미국채30년액티브,53925,5,-205,-0.38,53896.0,10.413,13462,727,622
466930,2,SOL 자동차TOP3플러스,12750,2,605,4.98,12732.0,8.5829,932168,11820,612
488720,7,WON 종합채권(AA-이상)액티브,52350,5,-85,-0.16,52330.0,0.7203,117,6,610
496090,1,KIWOOM 코리아밸류업,14980,2,370,2.53,15037.0,13.8293,3008,44,607
407830,4,에셋플러스 글로벌플랫폼액티브,17300,2,125,0.73,17271.0,16.165,10787,186,606
363580,2,KODEX 200IT TR,17940,2,670,3.88,18005.0,32.693,49566,884,592
108450,2,ACE 삼성그룹섹터가중,20350,2,445,2.24,20387.0,21.446,6526,131,590
211900,2,KODEX 코리아배당성장,20300,2,275,1.37,20369.0,-7.1499,41680,848,589
433970,7,KODEX TDF2030액티브,13660,5,-10,-0.07,13632.0,4.5027,46424,634,587
292560,7,TIGER 일본엔선물,8875,5,-25,-0.28,8873.0,0.3382,116993,1040,586
448100,1,WON 200,54055,2,1380,2.62,54178.0,18.0021,42002,2246,581
472830,6,RISE 미국30년국채커버드콜(합성),9365,5,-35,-0.37,9358.0,11.4932,74617,699,581
139660,7,KIWOOM 미국달러선물인버스,8245,2,20,0.24,8244.0,-3.0071,2265,18,578
480310,4,TIGER 글로벌온디바이스AI,13210,2,195,1.5,13175.0,18.157,10770,142,575
453080,4,KIWOOM 미국나스닥100(H),19780,2,135,0.69,19721.0,6.9989,62343,1229,574
465330,2,RISE 2차전지TOP10,9430,2,785,9.08,9463.0,9.292,793508,7223,571
423170,4,SOL 한국형글로벌반도체액티브,27890,2,500,1.83,27861.0,28.2003,123542,3433,569
473640,4,HANARO 글로벌금채굴기업,29680,2,735,2.54,29515.0,55.2843,195511,5804,564
211560,2,TIGER 배당성장,25350,2,385,1.54,25426.0,-7.5234,29035,737,563
0065G0,4,KODEX 차이나테크TOP10,11560,5,-170,-1.45,11597.0,18.1268,71487,832,555
0000D0,7,TIGER 엔비디아미국채커버드콜밸런스(합성),10050,5,-80,-0.79,10069.0,9.9652,87559,878,553
0068M0,4,KODEX 미국S&P500버퍼6월액티브,11035,5,-30,-0.27,11104.0,6.4454,1265,13,552
461600,6,SOL 미국30년국채액티브(H),9245,5,-5,-0.05,9234.0,6.5054,60639,560,550
322400,2,HANARO e커머스,11830,5,-70,-0.59,11835.0,-6.995,20804,246,538
332940,1,HANARO MSCI Korea TR,22325,2,495,2.27,22405.0,21.7173,5565,123,536
476030,4,SOL 미국나스닥100,14800,2,30,0.2,14761.0,10.9191,98368,1454,533
479850,2,HANARO K-뷰티,15565,5,-55,-0.35,15590.0,-9.6327,117039,1839,529
495550,1,SOL 코리아밸류업TR,15315,2,420,2.82,15285.0,14.0942,50816,768,528
0017Y0,6,1Q 종합채권(AA-이상)액티브,101580,5,-270,-0.27,101605.0,0.9015,39,3,527
245360,4,TIGER 차이나HSCEI,13960,5,-50,-0.36,13972.0,9.5301,22834,317,524
455960,6,RISE 미국달러SOFR금리액티브(합성),12030,2,40,0.33,12035.0,3.6748,1508,18,523
0093A0,2,RISE AI반도체TOP10,15770,2,365,2.37,15796.0,,245585,3843,520
0040X0,7,SOL 팔란티어미국채커버드콜혼합,11930,5,-25,-0.21,11892.0,13.8896,322203,3840,519
494330,2,ACE 라이프자산주주가치액티브,14195,2,160,1.14,14219.0,-1.7708,41684,590,518
0049M0,4,ACE 미국배당퀄리티+커버드콜액티브,11015,2,5,0.05,10979.0,7.3413,83682,923,518
471460,6,KIWOOM 국고채30년액티브,63770,5,-405,-0.63,63754.0,0.5972,6425,410,510
495230,1,KoAct 코리아밸류업액티브,15350,2,365,2.44,15345.0,15.4913,62068,944,507
421320,2,PLUS 우주항공&UAM,23015,5,-485,-2.06,22945.0,-1.2606,138665,3185,506
0083S0,4,1Q 미국메디컬AI,12580,2,375,3.07,12550.0,,228932,2877,503
204450,4,KODEX 차이나H레버리지(H),3005,5,-20,-0.66,3020.0,8.6175,218815,659,502
475260,6,ACE 2월만기자동연장회사채AA-이상액티브,10640,2,5,0.05,10637.0,0.6625,97,1,501
487910,4,ACE 인도컨슈머파워액티브,9980,2,90,0.91,9978.0,5.8319,20251,201,499
474590,2,WON 반도체밸류체인액티브,16320,2,370,2.32,16355.0,36.6167,44777,722,498
114100,6,RISE 국고채3년,109685,5,-155,-0.14,109702.0,0.528,576,63,495
453640,4,KODEX 미국S&P500헬스케어,12260,5,-85,-0.69,12302.0,8.0525,36807,451,490
099140,4,KODEX 차이나H,24345,2,45,0.19,24351.0,9.1007,12154,295,487
415920,5,PLUS 글로벌희토류&전략자원생산기업,7545,5,-490,-6.1,7516.0,75.0544,1848470,13992,483
0088N0,2,WON K-글로벌수급상위,10255,2,85,0.84,10287.0,,63285,649,482
337160,2,KODEX 200ESG,20920,2,625,3.08,20903.0,19.3823,8696,180,481
461340,4,HANARO 글로벌생성형AI액티브,28240,2,165,0.59,28063.0,23.1845,35545,1002,480
434960,1,DAISHIN343 K200,52925,2,1170,2.26,53243.0,17.4781,1359,71,476
461460,6,PLUS 국고채10년액티브,56440,5,-170,-0.3,56420.0,0.972,102,5,475
104530,2,KIWOOM 고배당,15130,2,105,0.7,15146.0,-6.5958,31108,470,469
278620,6,PLUS 단기채권액티브,118650,2,35,0.03,118647.0,0.7089,1209,143,469
0101N0,2,RISE AI전력인프라,11400,2,295,2.66,11372.0,,782010,8766,467
160580,5,TIGER 구리실물,13040,2,20,0.15,13110.0,9.1366,83669,1093,463
442570,7,RISE TDF2050액티브,15155,2,45,0.3,15129.0,8.2766,47674,721,462
0093D0,7,KoAct 팔란티어밸류체인액티브,12485,2,105,0.85,12446.0,,60182,751,456
122260,6,KIWOOM 통안채1년,105300,2,35,0.03,105296.0,0.6069,15458,1627,453
0066W0,5,SOL 국제금,12700,2,65,0.51,12665.0,28.6659,2254511,28644,451
0092B0,2,SOL 한국원자력SMR,10900,2,20,0.18,10914.0,,537376,5881,447
336160,6,RISE 금융채액티브,103555,5,-30,-0.03,103537.0,0.7116,510,52,445
0100K0,2,KODEX K방산TOP10레버리지,8845,5,-380,-4.12,8836.0,,522145,4638,442
496770,4,PLUS 글로벌방산,17295,5,-505,-2.84,17362.0,10.2167,71150,1231,441
414270,4,ACE 글로벌자율주행액티브,13740,2,30,0.22,13637.0,21.2201,270226,3709,433
0022T0,4,SOL 국제금커버드콜액티브,13515,2,35,0.26,13487.0,26.9183,281920,3813,432
444490,4,WON 미국S&P500,17975,5,-15,-0.08,17948.0,9.7955,64114,1152,431
280930,4,KODEX 미국러셀2000(H),14795,2,110,0.75,14774.0,10.1237,69295,1023,429
475270,6,ACE 5월만기자동연장회사채AA-이상액티브,10610,2,10,0.09,10610.0,0.5692,231,2,428
200030,4,KODEX 미국S&P500산업재(합성),37525,5,-260,-0.69,37475.0,4.7691,6843,256,427
243880,2,TIGER 200IT레버리지,64100,2,4600,7.73,64427.0,69.4915,32745,2051,417
475300,2,SOL 반도체전공정,11800,5,-20,-0.17,11778.0,35.4727,284615,3326,413
256750,4,KODEX 차이나심천ChiNext(합성),13495,5,-15,-0.11,13560.0,42.2105,216402,2911,412
0046Y0,4,ACE 미국배당퀄리티,11430,5,-35,-0.31,11410.0,7.4407,20361,232,406
491820,2,HANARO 전력설비투자,23165,2,150,0.65,23250.0,23.471,196374,4498,405
0007G0,4,PLUS 글로벌원자력밸류체인,18845,2,490,2.67,18571.0,50.5125,284931,5361,405
498860,2,RISE 코리아금융고배당,14055,2,115,0.82,14112.0,-7.6516,640924,9010,394
453650,4,KODEX 미국S&P500금융,18655,3,0,0.0,18625.0,3.9797,21671,403,392
463680,4,KODEX 미국S&P500테크놀로지,17655,2,90,0.51,17567.0,12.8783,43434,765,388
495330,1,1Q 코리아밸류업,14920,2,325,2.23,14968.0,13.97,41177,610,388
463300,4,RISE 중국본토CSI300,12930,5,-75,-0.58,13062.0,20.3052,15094,195,388
495040,1,PLUS 코리아밸류업,14895,2,390,2.69,14947.0,13.8808,7433,110,387
0015B0,4,KoAct 미국나스닥성장기업액티브,14025,2,220,1.59,13908.0,22.1681,73008,1019,386
123310,3,TIGER 인버스,3200,5,-80,-2.44,3193.0,-15.026,969304,3118,384
0104N0,2,TIGER 200타겟위클리커버드콜,10925,2,250,2.34,10968.0,,201563,2190,382
368190,2,HANARO Fn K-뉴딜디지털플러스,8105,2,145,1.82,8141.0,0.8871,11769,95,381
458030,6,WON 국공채머니마켓액티브,54375,2,15,0.03,54377.0,0.6666,2659,144,378
227540,2,TIGER 200 헬스케어,20200,2,135,0.67,20256.0,0.9559,47582,961,376
0111P0,7,1Q 미국나스닥100미국채혼합50액티브,10085,5,-20,-0.2,10068.0,,340135,3429,373
0036R0,4,RISE 미국휴머노이드로봇,14580,2,80,0.55,14572.0,16.6063,424880,6207,372
256440,4,ACE MSCI인도네시아(합성),8250,2,100,1.23,8329.0,-2.3953,54649,447,371
298770,4,KODEX 한국대만IT프리미어,37120,2,735,2.02,37316.0,28.0575,20771,762,371
0047R0,4,RISE 팔란티어고정테크100,13490,2,40,0.3,13473.0,14.4583,64609,869,371
418670,4,TIGER 글로벌AI사이버보안,14935,5,-105,-0.7,14943.0,1.553,37963,568,370
440910,4,WON 미국우주항공방산,23770,5,-535,-2.2,23656.0,17.7567,31428,744,368
367760,2,RISE 5G테크,17540,2,435,2.54,17602.0,35.8078,235067,4082,368
195930,4,TIGER 유로스탁스50(합성 H),20335,2,45,0.22,20435.0,3.1257,6461,131,366
138230,7,KIWOOM 미국달러선물,16330,5,-40,-0.24,16335.0,3.9695,1852,30,366
438320,4,TIGER 차이나항셍테크레버리지(합성 H),10235,5,-280,-2.66,10243.0,24.4378,185944,1917,365
0069M0,4,1Q 미국나스닥100,11715,2,20,0.17,11692.0,10.7481,82306,963,363
448570,1,FOCUS AI코리아액티브,17690,2,315,1.81,17767.0,9.7252,796,14,363
489290,4,WON 미국빌리어네어,15060,2,30,0.2,15000.0,13.9499,17597,264,361
475380,7,RISE 글로벌리얼티인컴,10445,2,140,1.36,10485.0,2.0802,28205,294,360
261250,7,KODEX 미국달러선물레버리지,16475,5,-90,-0.54,16508.0,7.3558,44737,739,359
388280,2,RISE 컨택트대표,7195,5,-10,-0.14,7229.0,-9.0852,26727,193,358
0005D0,2,SOL 전고체배터리&실리콘음극재,12065,2,720,6.35,12077.0,13.45,466706,5473,356
0082V0,7,KODEX TDF2060액티브,10705,3,0,0.0,10662.0,,90878,971,353
276970,4,KODEX 미국S&P500배당귀족커버드콜(합성 H),7515,5,-50,-0.66,7541.0,-1.8553,15684,118,353
477730,4,KODEX 인도타타그룹,8605,2,70,0.82,8693.0,-2.6574,13973,120,353
495940,4,RISE 미국AI테크액티브,13565,2,125,0.93,13457.0,20.972,11707,158,353
419430,4,KODEX 차이나2차전지MSCI(합성),10075,2,5,0.05,10297.0,44.4763,251281,2557,353
139220,2,TIGER 200 건설,4495,2,30,0.67,4509.0,-1.5436,529044,2381,352
363510,6,SOL KIS단기통안채,111410,2,25,0.02,111419.0,0.5325,18,2,349
352540,7,KODEX 일본부동산리츠(H),12415,2,70,0.57,12417.0,8.0052,47345,585,348
117700,2,KODEX 건설,4020,5,-40,-0.99,4026.0,-5.6911,440492,1778,346
360140,2,KODEX 200롱코스닥150숏선물,11920,2,210,1.79,11992.0,10.5238,3523,41,346
495750,1,HANARO 코리아밸류업,14955,2,330,2.26,15008.0,14.6249,743,11,344
352560,7,KODEX 미국부동산리츠(H),11910,2,145,1.23,11905.0,-0.5074,38281,455,339
476850,1,KoAct 배당성장액티브,12535,2,175,1.42,12565.0,3.8742,122592,1534,338
287180,4,PLUS 미국나스닥테크,42180,2,360,0.86,42140.0,11.1347,9940,417,337
252400,3,RISE 200선물레버리지,33480,2,1650,5.18,33488.0,36.3753,26041,855,335
332620,6,PLUS 미국장기우량회사채,99050,5,-75,-0.08,98972.0,10.1939,2020,200,334
364990,2,TIGER 게임TOP10,5415,5,-10,-0.18,5420.0,-9.2051,223810,1217,333
332610,6,PLUS 미국단기회사채(AAA~A),129885,5,-115,-0.09,129834.0,4.4814,1201,156,333
167860,6,KIWOOM 국고채10년레버리지,114155,5,-635,-0.55,114086.0,1.4314,1085,124,331
448490,6,HANARO 32-10 국고채액티브,58050,5,-80,-0.14,57956.0,0.8063,2763,160,327
481340,6,RISE 미국30년국채액티브,10050,5,-15,-0.15,10039.0,10.386,99294,999,327
493420,4,SOL 미국배당다우존스2호,10205,5,-70,-0.68,10254.0,1.9244,23850,243,327
266370,2,KODEX IT,25100,2,770,3.16,25113.0,32.6246,62367,1542,326
428510,4,KODEX 차이나AI테크액티브,15780,5,-180,-1.13,15796.0,29.0739,218769,3451,323
140700,2,KODEX 보험,12430,5,-40,-0.32,12505.0,-2.8817,114641,1431,323
236350,4,TIGER 인도니프티50레버리지(합성),42095,2,755,1.83,43009.0,-0.7324,4311,180,320
479620,4,SOL 미국AI반도체칩메이커,14530,2,290,2.04,14423.0,22.0745,53601,775,320
138910,5,KODEX 구리선물(H),7990,5,-155,-1.9,8030.0,-10.1985,284520,2274,320
101280,4,KODEX 일본TOPIX100,25740,2,45,0.18,25782.0,15.738,8641,223,319
0085P0,6,ACE 미국10년국채액티브,10540,5,-30,-0.28,10533.0,,89912,948,316
0104P0,2,TIGER 코리아배당다우존스위클리커버드콜,9760,2,115,1.19,9790.0,,259819,2536,312
271060,5,KODEX 3대농산물선물(H),7660,2,60,0.79,7628.0,-4.0405,28300,216,310
442260,1,마이티 다이나믹퀀트액티브,18360,2,395,2.2,18313.0,16.3913,883,16,308
375770,2,KODEX 탄소효율그린뉴딜,12665,2,245,1.97,12736.0,16.9491,1450,18,304
147970,2,TIGER 모멘텀,48935,2,405,0.83,49112.0,4.2983,16821,819,303
365040,1,TIGER AI코리아그로스액티브,18795,2,375,2.04,18864.0,13.0755,10087,188,301
494220,2,UNICORN SK하이닉스밸류체인액티브,18180,2,625,3.56,18167.0,37.0413,226594,4061,300
122090,1,PLUS 코스피50,37000,2,1000,2.78,37116.0,22.2618,12520,460,300
449780,4,KIWOOM 미국S&P500(H),16625,2,55,0.33,16598.0,5.7367,48291,801,299
114470,6,KIWOOM 국고채3년,110820,5,-145,-0.13,110845.0,0.5281,699,77,299
261070,2,TIGER 코스닥150바이오테크,15515,5,-200,-1.27,15553.0,-1.0702,71289,1112,298
139270,2,TIGER 200 금융,12045,2,80,0.67,12081.0,-5.5271,105742,1275,296
491090,4,KODEX 미국테크TOP3플러스,15485,2,15,0.1,15451.0,16.9312,9567,147,294
494410,4,PLUS 미국S&P500성장주,12660,2,20,0.16,12675.0,10.9647,31593,399,291
292190,1,KODEX KRX300,24260,2,550,2.32,24311.0,17.1442,9166,221,291
371450,4,TIGER 글로벌클라우드컴퓨팅INDXX,11905,2,60,0.51,11899.0,4.9158,12158,144,290
495060,1,TIMEFOLIO 코리아밸류업액티브,14085,2,340,2.47,14133.0,7.1734,74830,1051,289
473490,4,KIWOOM 글로벌AI반도체,21385,2,400,1.91,21181.0,19.5726,33439,711,289
483340,4,ACE 구글밸류체인액티브,14080,2,80,0.57,14019.0,24.2787,41264,580,289
400570,4,KODEX 유럽탄소배출권선물ICE(H),11065,2,150,1.37,11125.0,8.9865,46349,511,287
455660,6,ACE 미국하이일드액티브(H),9880,2,25,0.25,9863.0,0.963,25289,249,287
276650,4,RISE 글로벌테크놀로지(합성 H),38200,2,255,0.67,38218.0,11.8661,292,11,287
196030,4,ACE 일본TOPIX레버리지(H),56885,2,240,0.42,57055.0,29.5335,486,27,284
457690,6,KODEX 33-06 국고채액티브,11275,5,-10,-0.09,11269.0,0.669,7733,87,281
326230,2,RISE 내수주플러스,9985,5,-10,-0.1,10012.0,-2.5164,2214,22,280
0067Y0,4,TIGER 차이나AI소프트웨어,12645,5,-200,-1.56,12778.0,21.8112,55801,714,278
486240,2,DAISHIN343 AI반도체&인프라액티브,13200,2,330,2.56,13163.0,35.0472,192698,2495,277
306950,3,KODEX KRX300레버리지,27590,2,1300,4.94,27760.0,33.4517,4733,128,276
245350,4,TIGER 유로스탁스배당30,16920,5,-105,-0.62,16990.0,5.3918,10284,174,271
300640,2,RISE 게임테마,8055,5,-35,-0.43,8088.0,-10.9522,25480,206,270
450910,1,SOL 코스닥150,13900,2,40,0.29,14055.0,6.0443,1395,19,270
117460,2,KODEX 에너지화학,12415,2,450,3.76,12457.0,2.3524,168308,2072,269
0035T0,7,PLUS 글로벌휴머노이드로봇액티브,15740,2,5,0.03,15615.0,35.5881,129506,2045,268
0104H0,7,KoAct 미국나스닥채권혼합50액티브,10275,2,70,0.69,10262.0,,301467,3097,267
276990,4,KODEX 글로벌로봇(합성),22120,2,270,1.24,22148.0,13.8317,11816,261,267
0107F0,4,KIWOOM 미국고배당&AI테크,9870,5,-40,-0.4,9855.0,,336196,3320,266
404120,2,TIMEFOLIO K신재생에너지액티브,16635,2,470,2.91,16696.0,12.9629,263280,4350,266
0028X0,4,KODEX 미국금융테크액티브,12360,5,-140,-1.12,12430.0,9.2657,44760,553,266
0041E0,4,KODEX 미국S&P500액티브,13260,5,-40,-0.3,13268.0,12.6545,26092,345,265
491700,1,HK 200,53015,2,1185,2.29,53330.0,18.1014,397,21,265
411860,4,KIWOOM 독일DAX,17085,5,-120,-0.7,17054.0,2.6306,16237,276,265
0097L0,7,KIWOOM 한국고배당&미국AI테크,10585,2,70,0.67,10600.0,,212832,2253,265
491830,4,TIGER 미국AI반도체팹리스,15565,2,285,1.87,15450.0,21.6948,45525,706,265
117680,2,KODEX 철강,12465,5,-265,-2.08,12438.0,1.1521,316613,3945,262
453010,7,PLUS KOFR금리,108605,2,10,0.01,108611.0,0.6161,578,62,262
218420,4,KODEX 미국S&P500에너지(합성),14275,2,5,0.04,14295.0,1.6381,29447,419,259
0079X0,4,ACE BYD밸류체인액티브,12935,5,-35,-0.27,12915.0,27.9723,92810,1204,259
453820,4,KODEX 인도Nifty50레버리지(합성),17170,2,370,2.2,17323.0,-1.1474,28911,494,258
459560,4,KODEX 테슬라밸류체인FactSet,19045,2,145,0.77,19038.0,25.9496,10898,207,257
494840,4,TIGER 미국방산TOP10,12180,5,-250,-2.01,12133.0,13.6093,103714,1264,256
385590,2,ACE ESG액티브,11610,2,285,2.52,11678.0,13.4769,1225,14,255
248270,4,TIGER S&P글로벌헬스케어(합성),23475,5,-115,-0.49,23702.0,8.2855,11439,269,254
387270,4,TIGER 글로벌이노베이션액티브,19960,2,70,0.35,19940.0,12.2143,2603,51,253
272570,6,RISE 중장기국공채액티브,111965,5,-205,-0.18,111986.0,0.6369,11278,1263,252
437350,6,RISE 미국단기투자등급회사채액티브,12575,5,-35,-0.28,12586.0,5.3467,22014,277,252
0020H0,4,KoAct 글로벌양자컴퓨팅액티브,23920,5,-225,-0.93,23729.0,81.2687,182910,4353,251
440650,6,ACE 미국달러단기채권액티브,11955,5,-20,-0.17,11942.0,4.0851,70817,847,251
169950,4,KODEX 차이나A50,25060,2,255,1.03,25223.0,12.4688,8862,221,251
468630,6,KODEX iShares미국투자등급회사채액티브,11775,5,-60,-0.51,11760.0,8.3394,37048,436,248
491220,1,PLUS 200TR,61865,2,1415,2.34,62039.0,17.7215,272,16,247
415760,4,SOL 차이나육성산업액티브(합성),11095,5,-165,-1.47,11252.0,50.9383,84684,951,246
469050,4,RISE 미국반도체NYSE(H),18040,2,375,2.12,17878.0,14.8196,79850,1432,244
497780,4,KoAct 미국천연가스인프라액티브,9530,2,30,0.32,9571.0,5.579,28118,268,243
409810,4,KODEX 미국나스닥100선물인버스(H),6480,5,-35,-0.54,6505.0,-6.259,242011,1572,243
238720,4,ACE 일본Nikkei225(H),34710,2,315,0.92,34766.0,21.1091,6526,226,243
354500,1,ACE 코스닥150,14275,2,85,0.6,14421.0,5.6196,11053,157,243
483240,4,TIGER 미국나스닥100ETF선물,12070,5,-60,-0.49,12153.0,11.2844,5870,70,241
289480,3,TIGER 200커버드콜,9275,2,130,1.42,9306.0,7.5249,263521,2441,241
417450,4,RISE 글로벌수소경제,14170,2,260,1.87,13401.0,73.875,86916,1205,241
445690,2,BNK 주주가치액티브,20070,2,285,1.44,20073.0,6.5715,75,1,241
438560,6,SOL 국고채3년,103605,5,-85,-0.08,103603.0,0.4845,1185,122,240
419650,4,PLUS 글로벌수소&차세대연료전지,5605,2,50,0.9,5589.0,53.2413,271462,1519,238
0015F0,7,KIWOOM 팔란티어미국30년국채혼합액티브(H),11310,2,70,0.62,11252.0,9.4769,20767,234,238
459790,4,KIWOOM 미국성장기업30액티브,17545,2,65,0.37,17506.0,12.8834,844,14,237
448630,7,RISE 삼성그룹Top3채권혼합,11195,2,45,0.4,11220.0,11.4442,134397,1501,235
415340,4,KODEX 차이나과창판STAR50(합성),11690,5,-155,-1.31,11846.0,49.6525,24643,291,235
0094X0,4,1Q 샤오미밸류체인액티브,10890,5,-115,-1.04,10896.0,,132784,1458,234
0040S0,4,HANARO 글로벌피지컬AI액티브,16080,5,-5,-0.03,15973.0,29.4567,67098,1077,233
483570,4,KCGI 미국S&P500 TOP10,14500,2,5,0.03,14473.0,14.9028,12453,180,232
0023B0,4,PLUS 미국양자컴퓨팅TOP10,23010,5,-235,-1.01,22825.0,79.0142,98771,2265,230
195970,4,PLUS 선진국MSCI(합성 H),14280,5,-10,-0.07,14391.0,4.3446,43724,624,228
429760,4,PLUS 미국S&P500,17535,5,-5,-0.03,17508.0,9.6181,4300,75,228
139320,5,TIGER 금은선물(H),18195,2,155,0.86,18003.0,24.1569,141221,2566,227
261120,7,TIGER 미국달러선물인버스2X,5260,2,15,0.29,5261.0,-6.4229,7572,39,226
140950,1,파워 코스피100,40205,2,1065,2.72,40371.0,19.0932,364,14,225
300950,2,KODEX 게임산업,6585,3,0,0.0,6590.0,-10.1638,138915,916,224
0113P0,6,HK 머니마켓액티브,100170,2,25,0.02,100170.0,,1124,112,220
453950,4,TIGER TSMC파운드리밸류체인,20835,2,635,3.14,20634.0,19.5973,46160,956,219
271050,5,KODEX WTI원유선물인버스(H),4345,2,10,0.23,4344.0,7.8358,166351,722,217
225130,4,ACE 골드선물 레버리지(합성 H),54270,2,725,1.35,54230.0,49.7343,39004,2110,217
416090,4,ACE 중국과창판STAR50,10805,5,-135,-1.23,10994.0,47.9377,97611,1067,216
0085N0,6,ACE 미국10년국채액티브(H),10285,5,-20,-0.19,10282.0,,30620,314,216
298340,6,PLUS 국채선물3년,57310,5,-65,-0.11,57251.0,0.4024,3,0,215
250730,4,RISE 차이나HSCEI(H),11195,5,-85,-0.75,11218.0,6.0648,9221,103,213
433880,7,PLUS TDF2060액티브,16935,5,-65,-0.38,16832.0,9.6349,15440,261,210
457700,6,KODEX 53-09 국고채액티브,12225,5,-95,-0.77,12227.0,0.4484,13237,162,209
322410,2,HANARO K고배당,17380,2,385,2.27,17416.0,-6.5336,15752,273,209
469060,4,RISE 미국반도체NYSE,19800,2,385,1.98,19664.0,18.4925,102651,2025,208
0104G0,2,PLUS K방산레버리지,8655,5,-200,-2.26,8662.0,,90616,791,208
261140,2,TIGER 우선주,15925,2,325,2.08,15943.0,5.2347,84169,1336,207
337140,2,KODEX 코스피대형주,18560,2,420,2.32,18620.0,17.373,34782,640,204
269420,4,KODEX S&P글로벌인프라(합성),21220,2,95,0.45,21314.0,7.5884,5765,122,204
483330,4,ACE 마이크로소프트밸류체인액티브,13535,5,-50,-0.37,13460.0,6.9685,27024,365,203
0010E0,6,ACE FTSE WGBI Korea,101090,5,-380,-0.37,101072.0,0.7296,19,1,202
396510,4,TIGER 차이나클린에너지SOLACTIVE,7740,2,95,1.24,7859.0,30.6837,14595,113,201
130680,5,TIGER 원유선물Enhanced(H),3865,2,10,0.26,3853.0,-8.6493,175881,678,201
0000H0,2,KODEX 인도Nifty미드캡100,11045,2,60,0.55,11112.0,-0.6692,12674,139,199
371150,4,RISE 차이나항셍테크,9215,5,-145,-1.55,9248.0,16.4179,29426,273,198
0021E0,7,ACE TDF2050액티브,11580,2,5,0.04,11515.0,10.1332,37744,437,197
0036D0,4,TIMEFOLIO 미국배당다우존스액티브,10315,5,-20,-0.19,10315.0,1.6324,26730,275,196
475310,2,SOL 반도체후공정,16300,2,405,2.55,16267.0,32.7348,111698,1801,196
277540,4,ACE 아시아TOP50,23005,2,190,0.83,23085.0,21.0987,3762,86,196
474920,4,에셋플러스 차이나일등기업포커스10액티브,18640,2,265,1.44,18640.0,17.1128,6566,122,194
152500,3,ACE 레버리지,14890,2,715,5.04,14912.0,36.5606,41776,613,194
447660,7,PLUS 애플채권혼합,12895,5,-5,-0.04,12915.0,7.0095,13332,172,193
465660,4,TIGER 일본반도체FACTSET,16000,2,355,2.27,16110.0,17.3316,63223,1013,192
494420,2,PLUS 미국배당증가성장주데일리커버드콜,9530,5,-5,-0.05,9580.0,7.6306,15892,151,191
0087F0,4,ACE 차이나AI빅테크TOP2+액티브,11205,5,-195,-1.71,11203.0,,46370,529,190
438900,2,HANARO Fn K-푸드,11865,5,-180,-1.49,11889.0,-8.2985,77880,930,190
139250,2,TIGER 200 에너지화학,12800,2,335,2.69,12824.0,0.2815,80246,1020,189
475070,4,KoAct 글로벌친환경전력인프라액티브,26860,2,195,0.73,26680.0,50.8628,19217,514,188
0000Z0,2,RISE 바이오TOP10액티브,12950,5,-265,-2.01,12984.0,9.896,57566,749,188
449690,4,TIGER 한중반도체(합성),25000,2,420,1.71,25073.0,47.8051,803,20,188
213630,4,PLUS 미국다우존스고배당주(합성 H),18365,2,35,0.19,18499.0,3.2967,5310,97,187
385520,2,KODEX 자율주행액티브,9325,2,390,4.36,9369.0,10.6501,37411,346,187
253250,3,KIWOOM 200선물레버리지,33055,2,1635,5.2,33040.0,36.3419,28195,917,185
354350,4,HANARO 글로벌럭셔리S&P(합성),21240,2,615,2.98,21344.0,1.5259,5922,125,185
185680,4,KODEX 미국S&P바이오(합성),32500,2,180,0.56,33026.0,23.03,25853,841,184
0080X0,7,SOL 미국S&P500미국채혼합50,10775,5,-20,-0.19,10755.0,8.1338,132649,1431,183
489000,6,PLUS 일본엔화초단기국채(합성),10050,5,-35,-0.35,10060.0,0.6989,59714,601,181
461910,4,PLUS 미국테크TOP10레버리지(합성),36050,5,-135,-0.37,35855.0,28.1792,3924,140,180
0013R0,7,RISE 테슬라미국채타겟커버드콜혼합(합성),9995,5,-10,-0.1,9943.0,18.7819,70686,705,180
341850,7,TIGER 리츠부동산인프라채권,4835,3,0,0.0,4835.0,3.7331,8519,41,179
381560,2,HANARO Fn전기&수소차,8905,2,450,5.32,8932.0,7.7619,50110,439,178
275300,2,KODEX 우량주,13550,2,470,3.59,13522.0,23.5127,2710,36,176
459750,4,RISE 글로벌주식분산액티브,16000,2,45,0.28,15990.0,9.9965,56324,903,176
442580,4,PLUS 글로벌HBM반도체,31820,2,1010,3.28,31757.0,44.6139,46873,1478,175
102960,2,KODEX 기계장비,13190,2,380,2.97,13179.0,22.3495,47670,618,174
280320,4,ACE 미국IT인터넷(합성 H),21570,2,30,0.14,21751.0,3.5576,1165,25,173
100910,1,KIWOOM KRX100,8175,2,185,2.32,8215.0,18.2827,2872,23,172
440340,7,TIGER 글로벌멀티에셋TIF액티브,11795,2,15,0.13,11782.0,7.8952,1915,22,171
304770,1,HANARO 코스닥150,14205,2,70,0.5,14338.0,5.7613,2931,41,170
451600,6,PLUS 국고채30년액티브,115900,5,-750,-0.64,115772.0,0.3613,40,4,170
284980,2,RISE 200금융,16065,2,55,0.34,16117.0,-5.1485,20792,334,170
239660,6,PLUS 우량회사채50,121560,2,15,0.01,121547.0,0.5626,583,70,170
494180,4,TIMEFOLIO 글로벌소비트렌드액티브,13090,2,65,0.5,13128.0,13.2608,124407,1633,170
290080,3,RISE 200고배당커버드콜ATM,8700,3,0,0.0,8735.0,-11.043,19522,170,170
183700,7,RISE 채권혼합,70520,2,515,0.74,70476.0,5.9317,577,40,169
316670,1,KIWOOM 코스닥150,7095,2,55,0.78,7146.0,6.184,21528,152,169
253150,3,PLUS 200선물레버리지,67510,2,3260,5.07,67526.0,36.4118,463,30,169
156080,1,KODEX MSCI Korea,24050,2,545,2.32,24199.0,21.1285,687,16,168
0057H0,7,PLUS 미국S&P500미국채혼합50액티브,11150,5,-25,-0.22,11128.0,6.6316,71755,800,167
105780,2,RISE 5대그룹주,8315,2,290,3.61,8345.0,19.1536,8217,67,166
407310,1,HANARO 200 TOP10,10650,2,350,3.4,10692.0,16.1086,3700,39,165
407820,2,에셋플러스 코리아플랫폼액티브,7850,5,-65,-0.82,7883.0,-8.7609,3241,25,165
337150,2,KODEX 200exTOP,18070,2,445,2.52,18139.0,9.2007,2491,44,163
241390,7,RISE V&S셀렉트밸류채권혼합,13495,2,190,1.43,13450.0,5.2194,15307,206,162
460660,4,RISE 미국S&P배당킹,10790,5,-20,-0.19,10789.0,1.7316,7148,77,162
385600,2,ACE 2차전지&친환경차액티브,7340,2,300,4.26,7379.0,7.8101,88105,640,161
354240,7,RISE 미국고정배당우선증권,11960,5,-80,-0.66,12062.0,6.9746,7222,86,161
446700,2,RISE 배터리 리사이클링,10180,2,510,5.27,10214.0,11.7919,68422,686,161
223190,2,KODEX 200가치저변동,16005,2,370,2.37,16042.0,10.6902,3230,51,160
491510,2,파워 K-주주가치액티브,13205,2,150,1.15,13275.0,-4.464,470,6,158
265690,4,ACE 러시아MSCI(합성),8535,3,0,0.0,49.0,0.0,0,0,158
091220,2,TIGER 은행,12315,2,30,0.24,12349.0,-7.0305,50799,625,158
457990,2,PLUS 태양광&ESS,18460,2,640,3.59,18524.0,8.0982,80143,1458,157
471780,2,TIGER 코리아테크액티브,14610,2,185,1.28,14652.0,35.9566,11161,162,156
442090,2,에셋플러스 코리아대장장이액티브,17280,2,730,4.41,17234.0,5.1461,6263,106,156
219390,4,RISE 미국S&P원유생산기업(합성 H),5645,5,-15,-0.27,5637.0,-3.413,49378,279,155
305050,1,ACE 코스피,38775,2,820,2.16,38915.0,13.6887,9422,363,155
0047P0,4,RISE 테슬라고정테크100,13460,2,55,0.41,13460.0,19.304,17700,237,155
0090B0,2,PLUS K방산소부장,11000,5,-320,-2.83,11029.0,,144416,1594,154
417630,2,TIGER KEDI혁신기업ESG30,12755,2,175,1.39,12785.0,4.355,4428,56,153
387280,2,TIGER 퓨처모빌리티액티브,9085,2,225,2.54,9063.0,23.6566,23072,207,153
433220,4,에셋플러스 글로벌대장장이액티브,24535,2,120,0.49,24515.0,18.9524,3516,86,152
450190,4,KODEX 한중반도체(합성),25340,2,380,1.52,25314.0,46.8667,1501,37,152
472720,1,TRUSTON 주주가치액티브,16515,2,245,1.51,16599.0,-1.3641,4281,70,152
250780,3,TIGER 코스닥150선물인버스,3260,5,-15,-0.46,3262.0,-6.1605,237325,773,152
477490,4,에셋플러스 글로벌일등기업포커스10액티브,18930,2,40,0.21,18925.0,14.9726,1563,29,151
0086C0,7,TIGER 리츠부동산인프라10채권혼합액티브,10080,2,15,0.15,10090.0,,34024,342,151
0047N0,4,PLUS 차이나AI테크TOP10,11990,5,-175,-1.44,11968.0,22.1998,38589,467,150
226980,1,KODEX 200 중소형,18690,5,-70,-0.37,18767.0,-0.3189,7821,146,150
0049K0,7,ACE 미국배당퀄리티채권혼합50,10670,5,-20,-0.19,10664.0,3.9782,11490,122,149
0005G0,2,ITF K-AI반도체코어테크,17550,2,565,3.33,17495.0,34.2263,7322,127,149
275280,2,KODEX 모멘텀주,21265,2,265,1.26,21217.0,11.613,6989,147,149
253290,7,RISE 헬스케어채권혼합,12355,2,90,0.73,12335.0,-0.969,25885,319,148
266410,2,KODEX 필수소비재,8230,5,-60,-0.72,8243.0,-6.3277,11551,95,148
422260,2,VITA MZ소비액티브,9870,5,-160,-1.6,9896.0,-11.8939,1370,13,148
391600,4,ACE 미국친환경그린테마,11815,2,205,1.77,11902.0,27.6525,11582,136,148
159800,1,마이티 코스피100,41015,2,1145,2.87,41032.0,19.9458,1219,49,148
371870,4,ACE 차이나항셍테크,9190,5,-120,-1.29,9190.0,17.9227,34294,318,147
463640,4,KODEX 미국S&P500유틸리티,15420,2,130,0.85,15396.0,15.4223,6662,102,146
291130,4,ACE MSCI멕시코(합성),16250,2,120,0.74,16404.0,11.3181,1349,21,146
0094L0,4,RISE 차이나테크TOP10위클리타겟커버드콜,10730,5,-190,-1.74,10917.0,,95560,1037,145
277640,2,TIGER 코스피대형주,19300,2,505,2.69,19325.0,17.3953,34312,656,145
472840,1,ITF 200,52585,2,1355,2.64,52591.0,17.7565,164,8,145
456250,4,KODEX 유럽명품TOP10 STOXX,10670,2,545,5.38,10800.0,2.0151,41970,448,144
464920,4,PLUS 일본반도체소부장,16850,2,85,0.51,16936.0,21.6618,18595,313,143
145850,2,TREX 펀더멘탈 200,56680,2,1415,2.56,56635.0,13.051,24,1,142
428560,4,KODEX 미국ETF산업Top10 Indxx,16650,5,-115,-0.69,16670.0,-5.2558,3656,60,142
432840,4,HANARO 미국S&P500,17660,5,-40,-0.23,17665.0,9.2862,3086,54,141
0018Z0,4,RISE 미국양자컴퓨팅,18795,5,-255,-1.34,18769.0,45.0323,73339,1379,141
276000,4,TIGER 글로벌자원생산기업(합성 H),16520,2,60,0.36,16643.0,8.1471,645,10,140
483420,4,ACE 애플밸류체인액티브,13295,2,145,1.1,13283.0,23.0697,9747,129,140
487750,2,BNK 온디바이스AI,12095,2,150,1.26,12148.0,37.7739,6641,79,139
275290,2,KODEX 가치주,15400,2,405,2.7,15430.0,10.3384,1662,25,139
461450,1,KODEX 코스닥글로벌,13830,2,155,1.13,13918.0,4.709,5722,78,138
195920,4,TIGER 일본TOPIX(합성 H),27625,2,15,0.05,27587.0,14.7309,763,20,138
461900,4,PLUS 미국테크TOP10,21235,5,-75,-0.35,21231.0,14.2933,9538,203,138
0089B0,7,PLUS 미국나스닥100미국채혼합50,10500,3,0,0.0,10483.0,,59575,625,137
0051A0,4,KoAct 브로드컴밸류체인액티브,15145,2,150,1.0,15025.0,30.2214,20319,305,136
300610,2,TIGER K게임,6805,2,25,0.37,6789.0,-11.0237,27891,190,136
419420,4,KODEX 미국클린에너지나스닥,9065,2,290,3.3,8893.0,38.4069,20962,188,136
137610,5,TIGER 농산물선물Enhanced(H),5030,2,5,0.1,5034.0,-4.4677,11148,56,136
465670,4,TIGER 미국캐시카우100,13520,5,-60,-0.44,13509.0,8.8228,7588,102,135
269370,4,TIGER S&P글로벌인프라(합성),16895,2,270,1.62,16905.0,7.1889,623,10,135
310080,4,RISE 중국MSCI China(H),11200,5,-10,-0.09,11298.0,12.4373,6103,68,134
0098Z0,1,FOCUS 200,44765,2,910,2.08,44929.0,,3015,133,134
472350,4,1Q 차이나H(H),16770,3,0,0.0,16891.0,4.5837,4579,77,134
391670,1,HK 베스트일레븐액티브,13935,2,115,0.83,13998.0,16.1442,188,2,132
468370,6,KODEX iShares미국인플레이션국채액티브,11365,5,-55,-0.48,11353.0,6.1535,31843,362,132
0008E0,4,ACE 미국중심중소형제조업,11400,5,-40,-0.35,11402.0,20.4844,11205,127,131
285690,2,FOCUS ESG리더스,14550,2,160,1.11,14600.0,1.732,1,0,131
404260,2,KODEX 기후변화솔루션,14535,2,530,3.78,14595.0,12.9435,6950,100,131
295020,6,RISE 국채선물10년인버스,54940,2,220,0.4,55005.0,0.0548,124,6,130
449580,7,RISE 테슬라애플아마존채권혼합,16190,5,-25,-0.15,16187.0,7.705,8640,139,130
451150,4,에셋플러스 글로벌영에이지액티브,20810,2,155,0.75,20799.0,5.2752,573,11,129
117690,4,TIGER 차이나항셍30,23290,2,90,0.39,23222.0,12.2671,5222,121,128
153270,1,KIWOOM 코스피100,39610,2,980,2.54,39708.0,19.302,6709,263,127
453630,4,KODEX 미국S&P500필수소비재,12025,5,-5,-0.04,12017.0,1.3052,29778,356,126
0105D0,2,SOL 한국AI소프트웨어,10090,2,30,0.3,10070.0,,243797,2459,126
376410,2,TIGER 탄소효율그린뉴딜,12595,2,255,2.07,12644.0,16.8007,11505,144,126
453660,4,KODEX 미국S&P500경기소비재,17960,5,-50,-0.28,18017.0,8.651,2003,35,126
379790,4,RISE 유로스탁스50(H),15555,5,-205,-1.3,15701.0,4.7176,13137,204,124
442560,7,RISE TDF2040액티브,14635,2,30,0.21,14618.0,7.7462,38097,557,124
114460,6,ACE 국고채3년,103620,5,-130,-0.13,103633.0,0.5066,883,91,124
292500,1,SOL KRX300,24810,2,690,2.86,24763.0,18.1715,13012,318,124
435040,4,ACE 글로벌브랜드TOP10,19050,2,75,0.4,19033.0,7.929,5799,110,124
446690,4,KODEX 아시아AI반도체exChina액티브,24710,2,410,1.69,24810.0,30.0856,1366,33,124
291890,4,KODEX MSCI EM선물(H),10260,2,60,0.59,10244.0,10.4493,93,0,123
0078V0,4,PLUS 미국로보택시,12940,2,90,0.7,12886.0,,33976,437,123
451670,6,RISE 국채30년레버리지(합성),24545,5,-300,-1.21,24441.0,0.4041,2095,51,123
292160,1,TIGER KRX300,24445,2,540,2.26,24456.0,17.3539,5254,127,122
496120,1,ACE 코리아밸류업,15215,2,315,2.11,15288.0,13.8795,2445,36,122
104520,2,KIWOOM 블루칩,11060,2,160,1.47,11114.0,1.9167,1350,14,122
487950,4,KODEX 대만테크고배당다우존스,10110,2,85,0.85,10073.0,3.8752,13242,133,121
225060,4,TIGER 이머징마켓MSCI레버리지(합성 H),11440,2,120,1.06,11655.0,20.6823,236,2,121
131890,2,ACE 삼성그룹동일가중,24170,2,360,1.51,24284.0,8.8208,373,8,121
0102X0,4,ACE 유럽방산TOP10,9645,5,-320,-3.21,9654.0,,365288,3526,121
453060,6,HANARO KOFR금리액티브(합성),108930,2,30,0.03,108923.0,0.6237,11,1,120
395150,2,KODEX 웹툰&드라마,3235,5,-10,-0.31,3233.0,-9.3576,284287,922,120
364690,1,KODEX 혁신기술테마액티브,19875,2,515,2.66,19980.0,14.9302,1401,27,119
0021C0,7,ACE 장기자산배분액티브,11915,2,20,0.17,11884.0,12.0584,10705,127,119
0093B0,4,RISE 엔비디아고정테크100,10815,2,5,0.05,10795.0,,16969,183,119
469790,2,KIWOOM K-테크TOP10,16965,2,525,3.19,17002.0,25.7457,2808,47,119
430500,7,KIWOOM 물가채KIS,117150,5,-245,-0.21,117018.0,0.5567,2128,249,117
0082F0,4,HANARO 유럽방산,10640,5,-340,-3.1,10673.0,,39174,416,117
395280,2,HANARO Fn K-게임,4020,2,15,0.37,4023.0,-10.9011,18781,75,117
192720,2,파워 고배당저변동성,43130,2,480,1.13,43327.0,-7.0867,1795,77,116
0084D0,7,KIWOOM 미국테크100월간목표헤지액티브,10585,2,25,0.24,10582.0,,166487,1760,116
0002C0,4,에셋플러스 인도일등기업포커스20액티브,10780,2,10,0.09,10838.0,0.5602,507,5,116
494340,4,ACE 글로벌AI맞춤형반도체,12925,5,-35,-0.27,12899.0,10.8639,18677,241,116
261110,7,TIGER 미국달러선물레버리지,16600,5,-80,-0.48,16606.0,7.405,1664,27,116
282000,3,RISE 국고채3년선물인버스,111635,2,255,0.23,111639.0,0.6415,4,0,116
0094M0,2,RISE 코리아밸류업위클리고정커버드콜,11600,2,330,2.93,11571.0,,108287,1242,116
0001P0,2,마이티 바이오시밀러&CDMO액티브,9885,5,-10,-0.1,9893.0,-0.9014,4717,46,115
138530,2,TIGER LG그룹+펀더멘털,8050,2,150,1.9,8075.0,6.3973,82428,658,114
452440,2,VITA 밸류알파액티브,16265,2,10,0.06,16354.0,7.6561,1977,32,114
289260,2,TIGER MSCI KOREA ESG리더스,14030,2,470,3.47,14061.0,15.0127,13860,192,114
463690,4,KODEX 미국S&P500커뮤니케이션,18765,2,15,0.08,18772.0,11.3089,3814,71,113
413930,2,WON AI ESG액티브,14065,2,295,2.14,14125.0,14.7022,205,2,113
375760,2,HANARO 탄소효율그린뉴딜,12470,2,215,1.75,12513.0,17.1606,3925,48,112
445910,2,TIGER MKF배당귀족,15955,2,120,0.76,16032.0,-4.5625,2851,45,112
0013P0,4,RISE 미국은행TOP10,11095,2,90,0.82,11122.0,10.4032,18326,203,111
230480,7,KIWOOM 미국달러선물인버스2X,4575,2,15,0.33,4585.0,-6.5574,5526,25,111
0021D0,7,ACE TDF2030액티브,10995,5,-20,-0.18,10971.0,6.7862,10573,116,110
140710,2,KODEX 운송,5765,2,100,1.77,5745.0,-10.6467,237493,1366,110
269530,4,PLUS S&P글로벌인프라,19620,2,110,0.56,19724.0,7.8675,7011,137,108
337120,2,KODEX 멀티팩터,17955,2,485,2.78,18013.0,12.637,18,0,108
498050,2,HANARO 바이오코리아액티브,12670,5,-120,-0.94,12687.0,4.922,37838,480,108
183710,7,RISE 주식혼합,53655,2,1610,3.09,53601.0,11.6845,14,0,107
457930,2,BNK 미래전략기술액티브,17860,2,365,2.09,17822.0,19.5013,7806,137,107
289040,2,KODEX MSCI KOREA ESG유니버설,15290,2,375,2.51,15364.0,17.4409,73,1,107
487920,4,ACE 인도시장대표BIG5그룹액티브,8810,2,100,1.15,8836.0,0.6354,41962,368,106
0036Z0,4,RISE 미국천연가스밸류체인,10560,2,10,0.09,10515.0,3.9921,5545,58,106
108590,1,TREX 200,52690,2,1340,2.61,52780.0,17.7887,167,8,105
281990,2,RISE 중소형고배당,15055,2,125,0.84,15022.0,-8.2643,2893,43,105
0053M0,2,더제이 중소형포커스액티브,10470,2,75,0.72,10482.0,,1414,14,105
229720,1,KODEX KTOP30,20905,2,425,2.08,20987.0,14.2857,1641,34,105
488210,2,KIWOOM K-반도체북미공급망,12205,2,270,2.26,12217.0,28.5406,2650,31,104
390400,4,KODEX 미국스마트모빌리티S&P,7395,5,-15,-0.2,7526.0,18.0876,15808,116,104
375270,7,RISE 글로벌데이터센터리츠(합성),14775,2,115,0.78,14637.0,19.4297,10215,150,103
395760,2,PLUS ESG성장주액티브,12100,2,185,1.55,12132.0,12.4056,391,4,103
289250,2,TIGER MSCI KOREA ESG유니버설,15420,2,355,2.36,15471.0,18.0642,163,2,102
225800,7,KIWOOM 미국달러선물레버리지,15650,5,-70,-0.45,15660.0,7.377,4259,66,102
0103T0,2,1Q K소버린AI,10105,5,-80,-0.79,10116.0,,520631,5296,101
496130,1,TRUSTON 코리아밸류업액티브,14435,2,295,2.09,14486.0,4.162,3553,51,101
460270,6,KIWOOM 미국달러SOFR금리액티브(합성),12460,5,-10,-0.08,12453.0,3.8301,877,10,101
251590,2,PLUS 고배당저변동50,15485,2,45,0.29,15547.0,-8.5146,7433,115,101
140580,2,RISE 우량업종대표주,16740,2,270,1.64,16796.0,2.2029,957,15,100
367740,2,HANARO Fn5G산업,18120,2,375,2.11,18243.0,20.1096,346,6,100
385710,2,TIMEFOLIO K이노베이션액티브,9045,5,-75,-0.82,9060.0,0.5512,3931,35,99
252420,3,RISE 200선물인버스2X,879,5,-46,-4.97,876.0,-28.8462,525591,465,99
215620,2,HK S&P코리아로우볼,15730,2,185,1.19,15814.0,-9.6747,1,0,99
181480,7,ACE 미국부동산리츠(합성 H),82160,2,945,1.16,82268.0,-0.7383,817,67,99
476260,2,HANARO 반도체핵심공정주도주,9375,2,45,0.48,9353.0,42.1172,112829,1048,98
487130,2,KoAct AI인프라액티브,14040,2,255,1.85,14091.0,29.1334,18513,259,98
480460,7,WON 한국부동산TOP3플러스,9770,2,10,0.1,9747.0,1.508,3099,30,98
411540,1,SOL 200 Top10,10845,2,345,3.29,10886.0,15.9196,28614,309,98
217780,4,TIGER 차이나CSI300인버스(합성),6090,3,0,0.0,6151.0,-16.6325,917,5,97
429740,7,PLUS K리츠,6920,2,25,0.36,6915.0,4.9147,5729,39,97
400590,4,SOL 글로벌탄소배출권선물ICE(합성),13820,2,200,1.47,13859.0,13.0759,1585,21,97
227830,1,PLUS 코스피,38650,2,750,1.98,38764.0,14.3633,451,17,97
304760,1,HANARO KRX300,23820,2,445,1.9,23912.0,17.5213,75,1,95
0073X0,5,FOCUS 알리바바미국채커버드콜혼합,11665,5,-10,-0.09,11681.0,20.6843,13825,161,93
234310,2,RISE V&S셀렉트밸류,18530,2,300,1.65,18577.0,12.7954,82,1,93
424460,4,HANARO 글로벌워터MSCI(합성),15295,2,125,0.82,15298.0,1.3698,9969,152,92
438740,2,마이다스 중소형액티브,30115,2,85,0.28,30232.0,6.3008,68,2,90
474390,6,SOL 국고채30년액티브,56140,5,-460,-0.81,56116.0,0.7207,218,12,90
399580,4,RISE 글로벌클린에너지,8940,2,60,0.68,9045.0,28.8824,14089,125,89
244620,2,KODEX 모멘텀Plus,14870,3,0,0.0,14861.0,-1.6535,209,3,89
253280,2,RISE 헬스케어,14830,2,45,0.3,14800.0,-1.7608,12560,186,89
449680,7,TIGER 한중전기차(합성),10425,2,360,3.58,10465.0,22.0739,2992,31,89
0005C0,6,RISE 미국S&P500엔화노출(합성 H),11065,5,-55,-0.49,11124.0,6.1068,320,3,89
462340,4,에셋플러스 글로벌다이나믹시니어액티브,16935,5,-10,-0.06,16954.0,3.7025,927,15,88
404650,2,SOL KRX기후변화솔루션,14545,2,515,3.67,14601.0,13.6308,197,2,87
252650,1,KODEX 200동일가중,14530,2,300,2.11,14500.0,-1.6926,657,9,87
292050,1,RISE KRX300,24865,2,600,2.47,24941.0,16.7934,4909,121,87
315270,2,TIGER 200커뮤니케이션서비스,21690,5,-110,-0.5,21798.0,-2.6873,53,1,87
360150,2,KODEX 코스닥150롱코스피200숏선물,7195,5,-135,-1.84,7174.0,-9.9509,41099,297,86
464060,4,HANARO 글로벌반도체TOP10 SOLACTIVE,24655,2,605,2.52,24545.0,26.8459,11765,288,86
494210,4,SOL 미국500타겟데일리커버드콜액티브,10725,2,5,0.05,10731.0,9.836,164200,1758,86
484890,6,SOL 머니마켓액티브,52037,2,7,0.01,52036.0,0.5993,2209,114,85
499150,4,SOL 미국S&P500엔화노출(H),10600,2,10,0.09,10618.0,5.5727,856,9,85
280920,2,PLUS 주도업종,15345,2,150,0.99,15370.0,15.9038,1222,18,84
279540,2,KODEX 최소변동성,13890,2,290,2.13,13859.0,5.5081,30,0,83
442550,7,RISE TDF2030액티브,13865,2,55,0.4,13829.0,6.0675,4532,62,83
464600,2,SOL 자동차소부장Fn,10360,2,200,1.97,10397.0,9.2473,37670,390,83
182490,6,TIGER 단기선진하이일드(합성 H),13750,2,110,0.81,13717.0,1.1869,276,3,83
368680,2,KODEX K-뉴딜디지털플러스,8195,2,165,2.05,8232.0,1.1335,4309,35,82
380340,2,ACE Fn5G플러스,13630,2,385,2.91,13595.0,19.8642,831,11,82
166400,3,TIGER 200커버드콜OTM,16295,2,125,0.77,16395.0,14.5508,11980,195,81
270800,2,RISE KQ고배당,13545,3,0,0.0,13549.0,2.0954,1189,16,81
0015K0,4,TIGER 미국소비트렌드액티브,8640,5,-20,-0.23,8719.0,2.6674,1265,10,80
429010,4,TIGER 미국나스닥넥스트100,16025,5,-25,-0.16,16178.0,13.1078,800,12,80
237440,7,TIGER 경기방어채권혼합,10005,2,25,0.25,10027.0,-0.5977,10959,109,80
488290,4,마이다스 일본테크액티브,28900,2,280,0.98,29183.0,21.7872,429,12,79
267440,6,RISE 미국장기국채선물(H),8810,3,0,0.0,8810.0,5.6988,4974,43,79
435550,7,KIWOOM TDF2050액티브,15795,2,40,0.25,15812.0,7.8814,1146,18,79
497520,4,ACE 일라이릴리밸류체인,11145,2,75,0.68,11199.0,10.8108,1700,18,78
441330,4,KIWOOM 차이나A50커넥트MSCI,11985,2,90,0.76,12136.0,22.3513,1489,17,78
461580,1,TIGER 코스닥글로벌,14140,2,105,0.75,14220.0,4.8561,269,3,78
485810,4,TIMEFOLIO 글로벌안티에이징바이오액티브,9120,5,-15,-0.16,9113.0,6.7796,5474,49,78
435540,7,KIWOOM TDF2040액티브,15500,3,0,0.0,15501.0,8.0666,1197,18,78
219900,4,ACE 중국본토CSI300레버리지(합성),4295,2,25,0.59,4338.0,40.2298,6470,27,77
381570,2,HANARO Fn친환경에너지,8095,2,285,3.65,8129.0,4.6215,34757,279,77
497510,4,ACE 글로벌빅파마,10750,5,-50,-0.46,10814.0,8.6519,788,8,75
488480,4,RISE 일본섹터TOP4Plus,11575,2,35,0.3,11616.0,13.919,2246,26,75
292770,6,KODEX 국채선물3년인버스,55920,3,0,0.0,56020.0,0.7749,0,0,74
228820,1,TIGER KTOP30,10520,2,200,1.94,10561.0,14.4758,24129,253,74
474800,4,KIWOOM 미국원유에너지기업,11300,2,15,0.13,11352.0,2.2192,14349,162,73
307510,2,TIGER 의료기기,18350,2,300,1.66,18377.0,2.7027,24261,444,73
227550,2,TIGER 200 산업재,10165,2,285,2.88,10147.0,2.7027,1837,18,73
225030,4,TIGER 미국S&P500선물인버스(H),2605,3,0,0.0,2601.0,-5.1002,31464,82,73
490330,4,KoAct 미국뇌질환치료제액티브,10410,2,260,2.56,10429.0,15.9337,27626,287,73
227570,2,TIGER 우량가치,15015,2,40,0.27,15047.0,-10.4367,1652,24,72
394350,4,KIWOOM 글로벌퓨처모빌리티,14400,2,125,0.88,14569.0,15.5402,1064,15,72
373490,2,KODEX 코리아혁신성장액티브,15995,2,505,3.26,16075.0,12.9832,1817,28,72
267490,6,RISE 미국장기국채선물레버리지(합성 H),5985,5,-10,-0.17,5983.0,10.7109,6999,41,72
0050E0,4,PLUS 미국AI에이전트,9530,5,-70,-0.73,9531.0,-0.1561,3978,37,71
429980,7,SOL 한국형글로벌전기차&2차전지액티브,14265,2,155,1.1,14381.0,15.9408,4504,64,71
316300,7,ACE 싱가포르리츠,14240,2,5,0.04,14242.0,12.2988,984,13,71
435530,7,KIWOOM TDF2030액티브,14220,3,0,0.0,14176.0,7.3774,1338,18,71
205720,4,ACE 일본TOPIX인버스(합성 H),1972,5,-15,-0.75,1976.0,-12.8509,8231,16,71
450180,7,KODEX 한중전기차(합성),10720,2,500,4.89,10729.0,20.8752,853,9,70
488200,2,KIWOOM K-2차전지북미공급망,9770,2,505,5.45,9815.0,17.5015,26014,248,68
400580,4,SOL 유럽탄소배출권선물S&P(H),11365,2,150,1.34,11459.0,9.2015,1535,17,68
289670,6,PLUS 국채선물10년,56750,5,-220,-0.39,56656.0,1.0554,662,37,68
189400,4,PLUS 글로벌MSCI(합성 H),22685,3,0,0.0,22769.0,5.9799,2,0,68
140570,2,RISE 수출주,16910,2,305,1.84,16972.0,12.5,3738,62,68
466810,2,BNK 2차전지양극재,5635,2,555,10.93,5647.0,12.3893,402250,2195,68
225050,4,TIGER 유로스탁스레버리지(합성 H),13510,2,15,0.11,13663.0,5.5121,292,3,68
0015E0,7,KIWOOM 엔비디아미국30년국채혼합액티브(H),10920,5,-15,-0.14,10820.0,7.1323,5842,63,66
456200,6,PLUS 미국달러SOFR금리액티브(합성),59555,5,-60,-0.1,59584.0,3.6512,1036,61,66
334690,5,RISE 팔라듐선물(H),7700,5,-90,-1.16,7756.0,28.2304,86839,670,65
176950,6,KODEX 국채선물10년인버스,54535,2,95,0.17,54686.0,0.0183,7,0,65
256450,4,PLUS 심천차이넥스트(합성),13015,5,-85,-0.65,13244.0,40.5579,962,12,65
217770,5,TIGER 원유선물인버스(H),2800,3,0,0.0,2812.0,7.2796,42922,120,64
460280,2,KIWOOM Fn유전자혁신기술,10700,5,-100,-0.93,10756.0,7.196,15744,168,64
433250,1,UNICORN R&D 액티브,15795,2,295,1.9,15767.0,12.1157,9,0,63
413220,4,SOL 차이나태양광CSI(합성),5225,5,-50,-0.95,5378.0,36.8352,52435,276,63
498610,4,RISE 인도디지털성장,10365,2,75,0.73,10409.0,-1.2477,703,7,62
469160,4,ACE 일본반도체,15480,2,395,2.62,15504.0,25.7083,6025,93,62
401590,4,HANARO 글로벌탄소배출권선물ICE(합성),11140,2,130,1.18,11181.0,12.7496,8057,89,61
483020,2,KIWOOM 의료AI,11110,2,10,0.09,11195.0,11.5577,16352,181,61
489860,4,KIWOOM 글로벌전력GRID인프라,13315,2,100,0.76,13362.0,13.5309,6785,90,60
491630,4,RISE 미국반도체인버스(합성 H),13275,5,-385,-2.82,13281.0,-14.9175,7653,100,60
295000,6,RISE 국채선물10년,55890,5,-165,-0.29,55811.0,0.9363,685,38,59
469530,3,RISE 미국달러선물인버스,9195,2,30,0.33,9191.0,-2.9646,1367,12,59
139290,2,TIGER 200 경기소비재,18295,2,715,4.07,18373.0,-3.4332,38440,702,59
244670,2,KODEX 밸류Plus,9710,2,15,0.15,9727.0,-10.8096,2554,24,58
261060,2,TIGER 코스닥150IT,17035,2,60,0.35,17041.0,24.0862,9124,154,58
314700,2,HANARO 농업융복합산업,10530,2,155,1.49,10555.0,-1.8449,146,1,58
301400,1,PLUS 코스닥150,14375,2,80,0.56,14491.0,5.7713,2940,42,58
304670,6,KODEX 미국30년국채울트라선물인버스(H),11450,2,20,0.17,11449.0,-6.0033,32,0,57
402460,2,HANARO Fn K-메타버스MZ,8155,5,-30,-0.37,8194.0,5.0032,25955,211,57
437370,4,RISE 글로벌농업경제,9500,2,70,0.74,9496.0,0.0,711,6,57
266390,2,KODEX 경기소비재,9495,2,65,0.69,9473.0,-8.7125,9499,89,57
432600,6,RISE 국채선물3년,55670,5,-55,-0.1,55639.0,0.4234,4,0,57
105010,4,TIGER 라틴35,5005,2,25,0.5,5014.0,10.0552,4615,23,55
226380,2,ACE Fn성장소비주도주,6855,5,-30,-0.44,6865.0,-7.7078,2357,16,55
139240,2,TIGER 200 철강소재,12440,5,-300,-2.35,12452.0,0.5524,2001656,24845,55
138920,5,KODEX 콩선물(H),10790,2,55,0.51,10768.0,0.0465,1236,13,54
261920,4,ACE MSCI필리핀(합성),13450,3,0,0.0,13436.0,-4.0999,65,0,54
482030,2,KoAct 테크핵심소재공급망액티브,8935,2,290,3.35,8940.0,25.4716,22035,193,54
174350,2,TIGER 로우볼,16715,2,270,1.64,16682.0,-7.232,2333,38,53
267450,6,RISE 미국장기국채선물인버스(H),10690,3,0,0.0,10706.0,-4.9356,0,0,53
397420,6,RISE 국채선물5년추종,52260,5,-80,-0.15,52213.0,0.6344,4,0,53
373790,4,KIWOOM 미국방어배당성장나스닥,15440,5,-75,-0.48,15529.0,4.3656,2480,38,52
321410,7,KODEX 멀티에셋하이인컴(H),10355,5,-40,-0.38,10428.0,2.6159,40,0,52
482870,2,HANARO 주주가치성장코리아액티브,14375,2,255,1.81,14451.0,8.1826,146272,2099,50
292730,1,FOCUS KRX300,25070,2,610,2.49,25156.0,16.31,14,0,50
481200,4,SOL 미국테크TOP10인버스(합성),6200,3,0,0.0,6238.0,-13.2868,349,2,50
476310,4,RISE 글로벌비만산업TOP2+,8995,5,-30,-0.33,9032.0,0.8943,5613,50,49
476000,2,UNICORN 포스트IPO액티브,10950,2,200,1.86,10926.0,26.6195,1429,15,49
407300,2,HANARO Fn골프테마,8680,2,90,1.05,8728.0,-4.076,2205,19,48
220130,4,SOL 차이나강소기업CSI500(합성 H),5895,2,30,0.51,5922.0,19.8161,3997,23,47
227560,2,TIGER 200 생활소비재,11775,2,75,0.64,11750.0,-3.775,3092,36,47
0004G0,4,1Q 미국배당TOP30,9240,5,-50,-0.54,9239.0,4.6642,8256,76,46
277650,2,TIGER 코스피중형주,18430,2,220,1.21,18481.0,-1.4077,2152,39,46
395750,2,PLUS ESG가치주액티브,11350,2,210,1.89,11380.0,12.639,273,3,45
244660,2,KODEX 퀄리티Plus,8940,3,0,0.0,8971.0,-7.8351,7,0,45
483030,4,KIWOOM 미국블록버스터바이오테크의약품+,9870,2,5,0.05,9921.0,7.2166,2956,29,44
243890,2,TIGER 200에너지화학레버리지,5895,2,255,4.52,5934.0,-1.1394,48999,285,44
404540,2,TIGER KRX기후변화솔루션,14690,2,530,3.74,14747.0,13.2256,2315,33,44
459370,4,SOL 유럽탄소배출권선물인버스ICE(H),10435,5,-135,-1.28,10456.0,-9.4647,1502,15,42
291680,4,RISE 차이나H선물인버스(H),7515,3,0,0.0,7534.0,-5.3527,1211,9,38
454180,4,KIWOOM 차이나내수소비TOP CSI,9325,5,-65,-0.69,9430.0,7.0451,4453,41,37
266550,2,PLUS 중형주저변동50,14855,5,-40,-0.27,14824.0,-7.885,274,4,37
238670,7,PLUS 스마트베타Quality채권혼합,11970,2,60,0.5,11953.0,-0.3348,1348,16,36
098560,2,TIGER 방송통신,8285,2,60,0.73,8349.0,-6.3212,4703,38,35
280940,5,KODEX 골드선물인버스(H),3620,5,-10,-0.28,3604.0,-18.792,35784,129,34
253230,3,KIWOOM 200선물인버스2X,880,5,-47,-5.07,873.0,-29.2907,235451,210,33
346000,6,HANARO KAP초장기국고채,40710,5,-150,-0.37,40656.0,0.8863,43,1,33
426330,4,KIWOOM 미국ETF산업STOXX,15355,2,70,0.46,15404.0,-1.1704,638,9,31
253160,3,PLUS 200선물인버스2X,1787,5,-98,-5.2,1781.0,-29.0019,68388,123,30
306530,3,HANARO 코스닥150선물레버리지,9975,2,95,0.96,9932.0,11.7647,1143,11,30
291620,3,KIWOOM 코스닥150선물인버스,5750,5,-55,-0.95,5772.0,-5.992,890,5,30
252410,3,RISE 200선물인버스,3680,5,-95,-2.52,3676.0,-15.1686,6404,23,29
470310,2,UNICORN 생성형AI강소기업액티브,10760,2,110,1.03,10772.0,15.2597,1232,13,27
291630,3,KIWOOM 코스닥150선물레버리지,4970,2,70,1.43,4937.0,11.2372,16217,80,25
306520,3,HANARO 200선물인버스,6640,5,-170,-2.5,6625.0,-15.2986,2660,17,23
252000,1,TIGER 200동일가중,15355,2,325,2.16,15324.0,-0.6938,234,3,23
253240,3,KIWOOM 200선물인버스,3715,5,-85,-2.24,3696.0,-15.5556,17013,63,22
465620,4,ACE 미국빅테크TOP7 Plus인버스(합성),8030,5,-40,-0.5,8008.0,-13.5512,406,3,20
334700,5,RISE 팔라듐선물인버스(H),3500,2,35,1.01,3503.0,-22.2223,11150,38,19
145670,3,ACE 인버스,3580,5,-95,-2.59,3579.0,-15.1271,39961,144,18
412560,2,TIGER BBIG레버리지,2385,2,60,2.58,2395.0,-3.9257,9109,21,18
275750,3,RISE 코스닥150선물인버스,3245,5,-15,-0.46,3246.0,-6.3219,395,1,18
489010,4,PLUS 글로벌AI인프라,16150,5,-130,-0.8,16163.0,17.8429,2155,34,16
301410,3,PLUS 코스닥150선물인버스,4880,5,-20,-0.41,4913.0,-6.8442,332,1,15
373530,4,PLUS 신흥국MSCI인버스(합성 H),8840,3,0,0.0,8682.0,-9.3799,0,0,9
